Wellenlaenge,Intensitaet1,Abstand,Intensitaet2
662.491,4,0,362.809
662.614,11,0.001,335.57
662.736,-11,0.002,266.207
662.859,0,0.003,168.538
662.982,-2,0.004,61.187
663.104,-13,0.005,34.736
663.227,-3,0.006,104.147
663.349,10,0.008,138.656
663.472,15,0.009,139.958
663.594,-24,0.01,114.41
663.717,-24,0.011,74.732
663.839,-2,0.012,33.108
663.962,-9,0.013,0.513
664.084,14,0.014,21.508
664.207,-16,0.015,29.156
664.329,-5,0.016,25.381
664.451,-19,0.017,15.898
664.574,9,0.018,5.737
664.696,-26,0.019,2.699
664.818,-20,0.02,7.254
664.94,-5,0.021,8.565
665.063,-19,0.023,6.939
665.185,-1,0.024,4.503
665.307,-13,0.025,2.059
665.429,-18,0.026,1.016
665.551,-21,0.027,1.089
665.673,-9,0.028,1.801
665.796,-26,0.029,3.279
665.918,4,0.03,3.995
666.04,1,0.031,4.645
666.162,10,0.032,3.807
666.284,-20,0.033,3.657
666.406,-20,0.034,2.79
666.528,0,0.035,1.556
666.65,-28,0.036,0.77
666.772,-12,0.038,0.65
666.893,2,0.039,1.223
667.015,0,0.04,0.97
667.137,-12,0.041,1.627
667.259,-32,0.042,1.879
667.381,-4,0.043,1.833
667.503,2,0.044,2.028
667.624,-21,0.045,2.085
667.746,-16,0.046,1.629
667.868,13,0.047,1.214
667.989,-5,0.048,0.871
668.111,-4,0.049,0.553
668.233,-16,0.05,1.117
668.354,-10,0.051,0.743
668.476,22,0.053,1.304
668.597,-12,0.054,1.194
668.719,6,0.055,1.461
668.841,2,0.056,0.871
668.962,-9,0.057,0.267
669.084,-11,0.058,0.347
669.205,22,0.059,1.34
669.326,13,0.06,1.989
669.448,-24,0.061,1.815
669.569,-4,0.062,1.443
669.691,-1,0.063,0.18
669.812,-13,0.064,1.66
669.933,2,0.065,3.568
670.055,-12,0.066,5.629
670.176,0,0.068,7.277
670.297,0,0.069,7.889
670.418,-18,0.07,7.507
670.54,-11,0.071,7.648
670.661,-20,0.072,6.571
670.782,-25,0.073,5.467
670.903,2,0.074,3.867
671.024,-11,0.075,3.028
671.145,-21,0.076,2.486
671.266,-15,0.077,2.045
671.387,0,0.078,2.323
671.508,-15,0.079,3.026
671.629,-9,0.08,4.204
671.75,-3,0.081,5.547
671.871,-15,0.083,7.029
671.992,-6,0.084,9.725
672.113,-26,0.085,12.7
672.234,-12,0.086,15.018
672.355,-8,0.087,16.98
672.476,-8,0.088,16.65
672.597,10,0.089,13.491
672.717,-9,0.09,6.72
672.838,-15,0.091,4.33
672.959,-25,0.092,18.214
673.08,-18,0.093,33.406
673.2,-1,0.094,46.926
673.321,-28,0.095,55.911
673.442,-10,0.096,58.496
673.562,-12,0.098,53.327
673.683,-5,0.099,41.331
673.804,-7,0.1,23.145
673.924,16,0.101,3.039
674.045,-34,0.102,15.208
674.165,-9,0.103,28.48
674.286,-2,0.104,34.43
674.406,-17,0.105,33.13
674.527,-16,0.106,24.408
674.647,-17,0.107,12.747
674.767,7,0.108,0.659
674.888,-16,0.109,9.836
675.008,2,0.11,15.5
675.129,-12,0.111,16.717
675.249,18,0.113,13.666
675.369,-3,0.114,8.252
675.489,4,0.115,2.278
675.61,-4,0.116,1.882
675.73,-19,0.117,4.6
675.85,-11,0.118,4.738
675.97,-6,0.119,2.182
676.091,-7,0.12,0.077
676.211,-3,0.121,1.982
676.331,-4,0.122,2.652
676.451,3,0.123,3.197
676.571,5,0.124,2.49
676.691,-12,0.125,1.135
676.811,-10,0.126,0.621
676.931,-2,0.128,0.533
677.051,-14,0.129,0.396
677.171,-6,0.13,0.007
677.291,-14,0.131,0.337
677.411,-1,0.132,0.592
677.531,-18,0.133,1.397
677.651,-21,0.134,1.955
677.77,-23,0.135,1.667
677.89,-17,0.136,1.565
678.01,-18,0.137,1.592
678.13,-2,0.138,1.64
678.25,10,0.139,1.218
678.369,-30,0.14,0.966
678.489,-20,0.141,1.527
678.609,-17,0.143,1.395
678.728,-19,0.144,2.261
678.848,-15,0.145,2.517
678.968,-1,0.146,2.846
679.087,6,0.147,3.722
679.207,4,0.148,4.298
679.326,7,0.149,4.726
679.446,-17,0.15,5.531
679.565,-9,0.151,6.138
679.685,5,0.152,7.77
679.804,-3,0.153,8.506
679.924,-8,0.154,9.278
680.043,-16,0.155,10.271
680.162,-30,0.156,10.859
680.282,-27,0.158,9.531
680.401,-13,0.159,7.712
680.52,-6,0.16,4.605
680.64,-7,0.161,0.379
680.759,-15,0.162,4.412
680.878,-18,0.163,9.81
680.998,-1,0.164,12.978
681.117,9,0.165,15.72
681.236,-12,0.166,16.31
681.355,-9,0.167,14.458
681.474,-8,0.168,10.919
681.593,-18,0.169,5.599
681.712,-2,0.17,0.162
681.832,1,0.171,5.142
681.951,15,0.173,8.213
682.07,6,0.174,9.531
682.189,0,0.175,8.595
682.308,-24,0.176,6.372
682.427,11,0.177,2.588
682.545,-5,0.178,0.952
682.664,-16,0.179,3.628
682.783,-29,0.18,5.315
682.902,8,0.181,5.205
683.021,-9,0.182,4.141
683.14,-10,0.183,2.283
683.259,2,0.184,0.02
683.377,26,0.185,0.943
683.496,-19,0.186,1.726
683.615,-1,0.188,2.079
683.734,0,0.189,1.114
683.852,-15,0.19,0.448
683.971,-8,0.191,0.364
684.09,-14,0.192,0.776
684.208,-9,0.193,0.594
684.327,-22,0.194,1.319
684.445,0,0.195,0.567
684.564,-4,0.196,0.37
684.682,-4,0.197,0.037
684.801,-3,0.198,0.328
684.919,-6,0.199,0.174
685.038,-19,0.2,0.188
685.156,-9,0.201,0.53
685.275,-10,0.203,0.109
685.393,3,0.204,0.252
685.511,7,0.205,0.135
685.63,-2,0.206,0.1
685.748,-9,0.207,0.067
685.866,-7,0.208,0.047
685.985,-3,0.209,0.232
686.103,2,0.21,0.252
686.221,4,0.211,0.342
686.339,2,0.212,0.062
686.457,-13,0.213,0.061
686.576,0,0.214,0.114
686.694,7,0.215,0.372
686.812,16,0.216,0.269
686.93,8,0.218,0.162
687.048,-5,0.219,0.403
687.166,-19,0.22,0.482
687.284,-26,0.221,0.054
687.402,-14,0.222,0.261
687.52,-10,0.223,0.032
687.638,2,0.224,0.115
687.756,-23,0.225,0.353
687.874,2,0.226,0.263
687.992,-19,0.227,0.041
688.11,-21,0.228,0.393
688.227,-6,0.229,0.067
688.345,-15,0.23,0.138
688.463,-6,0.231,0.212
688.581,-10,0.233,0.18
688.699,2,0.234,0.117
688.816,-20,0.235,0.149
688.934,-14,0.236,0.195
689.052,-7,0.237,0.127
689.169,-5,0.238,0.003
689.287,-16,0.239,0.069
689.405,3,0.24,0.148
689.522,3,0.241,0.336
689.64,-2,0.242,0.122
689.757,-2,0.243,0.08
689.875,-9,0.244,0.044
689.992,-13,0.245,0.108
690.11,-6,0.246,0.129
690.227,-15,0.248,0.047
690.345,0,0.249,0.352
690.462,-12,0.25,0.396
690.58,-10,0.251,0.279
690.697,-33,0.252,0.21
690.814,-9,0.253,0.126
690.932,10,0.254,0.208
691.049,-9,0.255,0.021
691.166,-3,0.256,0.1
691.283,3,0.257,0.458
691.401,4,0.258,0.474
691.518,-17,0.259,0.218
691.635,-2,0.26,0.091
691.752,-26,0.261,0.267
691.869,-14,0.263,0.439
691.986,11,0.264,0.046
692.104,20,0.265,0.037
692.221,-3,0.266,0.162
692.338,-11,0.267,0.001
692.455,4,0.268,0.021
692.572,5,0.269,0.083
692.689,32,0.27,0.378
692.806,-8,0.271,0.265
692.923,-12,0.272,0.375
693.039,8,0.273,0.149
693.156,-10,0.274,0.085
693.273,-1,0.275,0.015
693.39,-14,0.276,0.368
693.507,-17,0.278,0.044
693.624,16,0.279,0.015
693.74,-9,0.28,0.373
693.857,-7,0.281,0.005
693.974,-16,0.282,0.096
694.091,0,0.283,0.002
694.207,1,0.284,0.38
694.324,-22,0.285,0.268
694.441,3,0.286,0.369
694.557,-10,0.287,0.299
694.674,-4,0.288,0.1
694.79,7,0.289,0.005
694.907,0,0.29,0.436
695.023,-7,0.291,0.076
695.14,-22,0.293,0.318
695.256,-17,0.294,0.328
695.373,-6,0.295,0.066
695.489,-7,0.296,0.132
695.606,-13,0.297,0.103
695.722,-7,0.298,0.013
695.838,-16,0.299,0.061
695.955,-25,0.3,0.24
696.071,-5,0.301,0.046
696.187,3,0.302,0.452
696.304,-26,0.303,0.138
696.42,-5,0.304,0.067
696.536,-1,0.305,0.134
696.652,-10,0.306,0.117
696.769,-19,0.308,0.362
696.885,0,0.309,0.28
697.001,-15,0.31,0.377
697.117,-6,0.311,0.152
697.233,-3,0.312,0.19
697.349,-3,0.313,0.388
697.465,-12,0.314,0.052
697.581,-2,0.315,0.052
697.697,3,0.316,0.12
697.813,0,0.317,0.022
697.929,-9,0.318,0.219
698.045,-5,0.319,0.314
698.161,7,0.32,0.291
698.277,4,0.321,0.012
698.393,1,0.323,0.323
698.509,-7,0.324,0.399
698.624,-8,0.325,0.238
698.74,1,0.326,0.012
698.856,3,0.327,0.099
698.972,-5,0.328,0.41
699.087,-3,0.329,0.086
699.203,-4,0.33,0.044
699.319,1,0.331,0.066
699.434,-25,0.332,0.333
699.55,-2,0.333,0.341
699.666,-9,0.334,0.222
699.781,-4,0.335,0.14
699.897,-24,0.336,0.125
700.012,-34,0.338,0.229
700.128,3,0.339,0.289
700.243,-24,0.34,0.429
700.359,-21,0.341,0.135
700.474,-29,0.342,0.283
700.59,5,0.343,0.006
700.705,21,0.344,0.039
700.821,15,0.345,0.857
700.936,2,0.346,0.502
701.051,-7,0.347,0.649
701.167,3,0.348,0.18
701.282,-9,0.349,0.078
701.397,-12,0.35,0.132
701.512,1,0.352,0.092
701.628,1,0.353,0.018
701.743,-19,0.354,0.38
701.858,-22,0.355,0.185
701.973,3,0.356,0.139
702.088,2,0.357,0.069
702.203,8,0.358,0.062
702.318,-12,0.359,0.003
702.434,-18,0.36,0.168
702.549,-11,0.361,0.11
702.664,-7,0.362,0.128
702.779,-9,0.363,0.125
702.894,-22,0.364,0.263
703.009,8,0.365,0.099
703.123,-18,0.367,0.236
703.238,7,0.368,0.007
703.353,-4,0.369,0.007
703.468,-3,0.37,0.148
703.583,-32,0.371,0.135
703.698,6,0.372,0.05
703.813,-4,0.373,0.185
703.927,9,0.374,0.232
704.042,2,0.375,0.333
704.157,-4,0.376,0.16
704.272,-17,0.377,0.123
704.386,-12,0.378,0.289
704.501,-1,0.379,0.02
704.615,-17,0.38,0.064
704.73,-25,0.382,0.199
704.845,-16,0.383,0.274
704.959,-18,0.384,0.035
705.074,16,0.385,0.111
705.188,-15,0.386,0.166
705.303,-18,0.387,0.072
705.417,2,0.388,0.182
705.532,3,0.389,0.466
705.646,-21,0.39,0.166
705.761,-31,0.391,0.381
705.875,4,0.392,0.409
705.989,8,0.393,0.42
706.104,11,0.394,0.276
706.218,-13,0.395,0.034
706.332,-2,0.397,0.364
706.447,-12,0.398,0.097
706.561,-16,0.399,1.285
706.675,-1,0.4,0.732
706.789,-11,0.401,1.329
706.903,-1,0.402,0.168
707.018,1,0.403,0.316
707.132,-7,0.404,0.482
707.246,-17,0.405,0.042
707.36,-22,0.406,0.103
707.474,-13,0.407,0.079
707.588,-9,0.408,0.154
707.702,-11,0.409,0.405
707.816,-14,0.41,0.027
707.93,-28,0.412,0.023
708.044,21,0.413,0.198
708.158,7,0.414,0.292
708.272,3,0.415,0.146
708.386,9,0.416,0.112
708.5,-36,0.417,0.041
708.613,-33,0.418,0.238
708.727,-9,0.419,0.565
708.841,-14,0.42,0.409
708.955,-34,0.421,0.368
709.069,5,0.422,0.149
709.182,-18,0.423,0.09
709.296,-23,0.424,0.163
709.41,-18,0.425,0.413
709.523,17,0.427,0.567
709.637,-7,0.428,0.415
709.751,8,0.429,0.489
709.864,-4,0.43,0.126
709.978,-3,0.431,0.166
710.091,5,0.432,0.336
710.205,-11,0.433,0.259
710.318,-7,0.434,0.171
710.432,-19,0.435,0.084
710.545,-19,0.436,0.22
710.659,-8,0.437,0.013
710.772,13,0.438,0.322
710.885,13,0.439,0.152
710.999,-11,0.44,0.044
711.112,-9,0.442,0.107
711.225,-13,0.443,0.008
711.339,-7,0.444,0.014
711.452,2,0.445,0.041
711.565,-4,0.446,0.082
711.678,6,0.447,0.041
711.792,-19,0.448,0.097
711.905,-14,0.449,0.044
712.018,-10,0.45,0.407
712.131,4,0.451,0.221
712.244,2,0.452,0.334
712.357,1,0.453,0.153
712.47,10,0.454,0.206
712.583,-1,0.455,0.205
712.696,4,0.457,0.19
712.809,-26,0.458,0.32
712.922,0,0.459,0.429
713.035,-9,0.46,0.4
713.148,-17,0.461,0.277
713.261,6,0.462,0.508
713.374,-22,0.463,0.019
713.487,-25,0.464,0.02
713.6,-12,0.465,0.118
713.713,-9,0.466,0.075
713.825,-1,0.467,0.007
713.938,-12,0.468,0.188
714.051,-8,0.469,0.08
714.164,-6,0.47,0.161
714.276,10,0.472,0.146
714.389,-7,0.473,0
714.502,-23,0.474,0.347
714.614,-13,0.475,0.387
714.727,-19,0.476,0.497
714.84,-23,0.477,0.072
714.952,-11,0.478,0.029
715.065,17,0.479,0.317
715.177,5,0.48,0.315
715.29,2,0.481,0.097
715.402,-29,0.482,0.411
715.515,-4,0.483,0.495
715.627,-2,0.484,0.13
715.739,2,0.485,0.09
715.852,-18,0.487,0.009
715.964,-9,0.488,0.327
716.076,-8,0.489,0.059
716.189,-13,0.49,0.181
716.301,2,0.491,0.177
716.413,0,0.492,0.103
716.526,-15,0.493,0.126
716.638,-26,0.494,0.032
716.75,-17,0.495,0.204
716.862,-15,0.496,0.359
716.974,-12,0.497,0.195
717.086,2,0.498,0.135
717.199,-9,0.499,0.086
717.311,17,0.5,0.033
717.423,-17,0.502,0.167
717.535,-32,0.503,0.088
717.647,5,0.504,0.006
717.759,14,0.505,0.142
717.871,-8,0.506,0.294
717.983,18,0.507,0.185
718.095,6,0.508,0.137
718.207,-1,0.509,0.095
718.318,-1,0.51,0.152
718.43,2,0.511,0.065
718.542,-28,0.512,0.097
718.654,8,0.513,0.313
718.766,5,0.514,0.25
718.878,-10,0.515,0.038
718.989,-7,0.517,0.034
719.101,12,0.518,0.195
719.213,5,0.519,0.048
719.324,-11,0.52,0.028
719.436,-9,0.521,0.009
719.548,19,0.522,0.387
719.659,-13,0.523,0.005
719.771,-7,0.524,0.122
719.882,-14,0.525,0.058
719.994,-38,0.526,0.065
720.105,-12,0.527,0.496
720.217,-9,0.528,0.087
720.328,26,0.529,0.362
720.44,6,0.53,0.231
720.551,-16,0.532,0.05
720.663,-22,0.533,0.024
720.774,-13,0.534,0.027
720.885,-19,0.535,0.122
720.997,-21,0.536,0.065
721.108,-4,0.537,0.183
721.219,1,0.538,0.465
721.331,-6,0.539,0.174
721.442,-22,0.54,0.152
721.553,-9,0.541,0.045
721.664,-11,0.542,0.154
721.776,10,0.543,0.073
721.887,2,0.544,0.135
721.998,17,0.545,0.223
722.109,2,0.547,0.055
722.22,-6,0.548,0.017
722.331,12,0.549,0.433
722.442,-1,0.55,0.01
722.553,-30,0.551,0.082
722.664,-15,0.552,0.269
722.775,-5,0.553,0.192
722.886,5,0.554,0.14
722.997,6,0.555,0.036
723.108,15,0.556,0.13
723.219,11,0.557,0.263
723.33,-5,0.558,0.055
723.44,-42,0.559,0.321
723.551,-15,0.56,0.068
723.662,-1,0.562,0.116
723.773,17,0.563,0.122
723.884,-5,0.564,0.062
723.994,-9,0.565,0.042
724.105,-36,0.566,0.091
724.216,-2,0.567,0.115
724.326,-10,0.568,0.107
724.437,0,0.569,0.044
724.548,-9,0.57,0.393
724.658,-15,0.571,0.08
724.769,-18,0.572,0.118
724.879,18,0.573,0.161
724.99,-12,0.574,0.288
725.1,0,0.575,0.019
725.211,-3,0.577,0.01
725.321,-17,0.578,0.047
725.432,-11,0.579,0.01
725.542,-17,0.58,0.135
725.652,-8,0.581,0.192
725.763,-10,0.582,0.241
725.873,-1,0.583,0.131
725.983,-25,0.584,0.315
726.094,-20,0.585,0.293
726.204,-1,0.586,0.364
726.314,4,0.587,0.414
726.424,15,0.588,0.009
726.535,20,0.589,0.162
726.645,-9,0.59,0.442
726.755,-18,0.592,0.128
726.865,-16,0.593,0.764
726.975,2,0.594,0.647
727.085,8,0.595,0.189
727.195,6,0.596,0.269
727.305,11,0.597,0.023
727.415,2,0.598,0.212
727.525,-1,0.599,0.546
727.635,8,0.6,0.371
727.745,-10,0.601,0.355
727.855,3,0.602,0.561
727.965,0,0.603,0.119
728.075,-6,0.604,0.19
728.185,1,0.605,0.744
728.295,-17,0.607,0.183
728.405,-25,0.608,0.303
728.514,13,0.609,0.344
728.624,29,0.61,0.195
728.734,-17,0.611,0.503
728.844,-23,0.612,0.249
728.953,-6,0.613,0.33
729.063,-14,0.614,0.12
729.173,-4,0.615,0.458
729.282,11,0.616,0.52
729.392,-1,0.617,0.241
729.501,-17,0.618,0.226
729.611,-5,0.619,0.21
729.721,-20,0.62,0.427
729.83,5,0.622,0.354
729.94,-2,0.623,0.022
730.049,-3,0.624,0.038
730.159,-9,0.625,0.286
730.268,-20,0.626,0.188
730.377,-9,0.627,0.007
730.487,0,0.628,0.068
730.596,6,0.629,0.096
730.705,-10,0.63,0.257
730.815,-16,0.631,0.165
730.924,-17,0.632,0.03
731.033,-4,0.633,0.188
731.143,-8,0.634,0.102
731.252,-17,0.635,0.203
731.361,-1,0.637,0.05
731.47,3,0.638,0.385
731.579,-4,0.639,0.553
731.688,-6,0.64,0.065
731.798,-30,0.641,0.349
731.907,-23,0.642,0.178
732.016,-14,0.643,0.023
732.125,-13,0.644,0.095
732.234,-19,0.645,0.352
732.343,-28,0.646,0.006
732.452,-15,0.647,0.027
732.561,3,0.648,0.1
732.67,-8,0.649,0.149
732.778,-8,0.65,0.119
732.887,0,0.652,0.136
732.996,-16,0.653,0.031
733.105,-2,0.654,0.393
733.214,1,0.655,0.028
733.323,-8,0.656,0.439
733.431,15,0.657,0.592
733.54,9,0.658,0.074
733.649,0,0.659,0.067
733.758,-14,0.66,0.315
733.866,4,0.661,0.124
733.975,-4,0.662,0.092
734.084,-10,0.663,0.121
734.192,-13,0.664,0.286
734.301,-11,0.665,0.215
734.409,-8,0.667,0.014
734.518,-7,0.668,0.641
734.626,-18,0.669,0.187
734.735,-16,0.67,0.124
734.843,-3,0.671,0.275
734.952,-14,0.672,0.077
735.06,6,0.673,0.568
735.169,20,0.674,0.23
735.277,6,0.675,0.042
735.385,-8,0.676,0.406
735.494,-13,0.677,0.26
735.602,-17,0.678,0.006
735.71,-16,0.679,0.226
735.819,-20,0.68,0.118
735.927,-34,0.682,0.464
736.035,-6,0.683,0.364
736.143,14,0.684,0.51
736.251,-12,0.685,0.341
736.36,-40,0.686,0.304
736.468,-15,0.687,0.119
736.576,1,0.688,0.096
736.684,-8,0.689,0.387
736.792,-1,0.69,0.215
736.9,1,0.691,0.306
737.008,-12,0.692,0.231
737.116,-18,0.693,0.205
737.224,-3,0.694,0.018
737.332,-7,0.696,0.159
737.44,-5,0.697,0.356
737.548,-20,0.698,0.118
737.656,-13,0.699,0.015
737.763,-3,0.7,0.082
737.871,10,0.701,0.197
737.979,10,0.702,0.158
738.087,-22,0.703,0.03
738.195,-7,0.704,0.156
738.302,15,0.705,0.253
738.41,18,0.706,0.145
738.518,12,0.707,0.184
738.625,-7,0.708,0.116
738.733,-11,0.709,0.237
738.841,-14,0.711,0.131
738.948,-6,0.712,0.047
739.056,-8,0.713,0.005
739.164,-14,0.714,0.266
739.271,-20,0.715,0.39
739.379,7,0.716,0.312
739.486,0,0.717,0.101
739.594,16,0.718,0.193
739.701,-12,0.719,0.128
739.808,-1,0.72,0.033
739.916,-14,0.721,0.332
740.023,-12,0.722,0.159
740.131,-1,0.723,0.244
740.238,5,0.724,0.352
740.345,11,0.726,0.113
740.452,0,0.727,0.286
740.56,-1,0.728,0.187
740.667,4,0.729,0.345
740.774,-20,0.73,0.409
740.881,-13,0.731,0.411
740.989,-3,0.732,0.18
741.096,-3,0.733,0.131
741.203,-13,0.734,0.082
741.31,-19,0.735,0.122
741.417,-9,0.736,0.036
741.524,-14,0.737,0.047
741.631,-4,0.738,0.315
741.738,-7,0.739,0.017
741.845,-12,0.741,0.185
741.952,-24,0.742,0.284
742.059,16,0.743,0.35
742.166,0,0.744,0.232
742.273,-2,0.745,0.065
742.38,10,0.746,0.258
742.487,-12,0.747,0.277
742.593,-13,0.748,0.429
742.7,-10,0.749,0.081
742.807,-23,0.75,0.323
742.914,-15,0.751,0.025
743.021,-20,0.752,0.035
743.127,-2,0.753,0.299
743.234,12,0.754,0.251
743.341,-8,0.756,0.077
743.447,-12,0.757,0.106
743.554,-11,0.758,0.017
743.661,-6,0.759,0.636
743.767,9,0.76,0.159
743.874,0,0.761,0.346
743.98,-4,0.762,0.276
744.087,-9,0.763,0.178
744.193,-4,0.764,0.239
744.3,-8,0.765,0.448
744.406,12,0.766,0.288
744.513,-6,0.767,0.07
744.619,-9,0.768,0.541
744.725,-30,0.769,0.068
744.832,-9,0.771,0.189
744.938,-8,0.772,0.092
745.044,-4,0.773,0.139
745.151,-12,0.774,0.007
745.257,-16,0.775,0.246
745.363,1,0.776,0.078
745.469,3,0.777,0.035
745.576,10,0.778,0.154
745.682,13,0.779,0.037
745.788,-4,0.78,0.164
745.894,-15,0.781,0.08
746,-10,0.782,0.105
746.106,-21,0.783,0.008
746.212,-18,0.784,0.059
746.318,-1,0.786,0.315
746.424,12,0.787,0.07
746.53,17,0.788,0.126
746.636,-5,0.789,0.007
746.742,-6,0.79,0.108
746.848,-17,0.791,0.404
746.954,-11,0.792,0.268
747.06,-15,0.793,0.004
747.166,-8,0.794,0.014
747.272,-16,0.795,0.168
747.378,-19,0.796,0.179
747.483,-3,0.797,0.17
747.589,-29,0.798,0.04
747.695,-10,0.799,0.255
747.801,13,0.801,0.037
747.906,-11,0.802,0.57
748.012,-20,0.803,0.112
748.118,6,0.804,0.207
748.223,-8,0.805,0.242
748.329,-2,0.806,0.232
748.434,-16,0.807,0.072
748.54,0,0.808,0.121
748.645,13,0.809,0.113
748.751,29,0.81,0.188
748.856,-19,0.811,0.485
748.962,1,0.812,0.137
749.067,4,0.813,0.101
749.173,-19,0.814,0.3
749.278,2,0.816,0.063
749.384,-14,0.817,0.017
749.489,-8,0.818,0.244
749.594,-4,0.819,0.138
749.7,-12,0.82,0.014
749.805,-19,0.821,0.501
749.91,-13,0.822,0.038
750.015,7,0.823,0.014
750.121,-8,0.824,0.094
750.226,-11,0.825,0.101
750.331,-13,0.826,0.19
750.436,-9,0.827,0.21
750.541,-6,0.828,0.377
750.646,-23,0.829,0.26
750.751,7,0.831,0.294
750.856,5,0.832,0.171
750.962,-8,0.833,0.039
751.067,-8,0.834,0.081
751.172,14,0.835,0.14
751.277,-16,0.836,0.025
751.381,-23,0.837,0.275
751.486,-5,0.838,0.003
751.591,-3,0.839,0.029
751.696,6,0.84,0.152
751.801,-17,0.841,0.16
751.906,7,0.842,0.24
752.011,-2,0.843,0.233
752.115,12,0.844,0.318
752.22,-5,0.846,0.054
752.325,0,0.847,0.087
752.43,-6,0.848,0.208
752.534,7,0.849,0.172
752.639,-24,0.85,0.343
752.744,-11,0.851,0.245
752.848,5,0.852,0.474
752.953,8,0.853,0.223
753.057,11,0.854,0.072
753.162,-10,0.855,0.137
753.267,-21,0.856,0.145
753.371,-27,0.857,0.232
753.476,8,0.858,0.4
753.58,-25,0.859,0.046
753.685,1,0.861,0.124
753.789,2,0.862,0.249
753.893,-11,0.863,0.023
753.998,-13,0.864,0.295
754.102,-12,0.865,0.04
754.206,-26,0.866,0.283
754.311,-11,0.867,0.296
754.415,-2,0.868,0.145
754.519,4,0.869,0.635
754.624,2,0.87,0.432
754.728,-22,0.871,0.059
754.832,10,0.872,0.097
754.936,10,0.873,0.084
755.04,-22,0.874,0.148
755.144,6,0.876,0.194
755.248,9,0.877,0.005
755.353,-17,0.878,0.413
755.457,-9,0.879,0.137
755.561,0,0.88,0.036
755.665,-6,0.881,0.09
755.769,-13,0.882,0.044
755.873,0,0.883,0.189
755.977,-5,0.884,0.283
756.08,-9,0.885,0.128
756.184,4,0.886,0.147
756.288,12,0.887,0.198
756.392,-10,0.888,0.123
756.496,1,0.889,0.304
756.6,-10,0.891,0.22
756.704,11,0.892,0.237
756.807,-25,0.893,0.211
756.911,-14,0.894,0.086
757.015,15,0.895,0.455
757.118,14,0.896,0.252
757.222,-12,0.897,0.311
757.326,-15,0.898,0.033
757.429,-23,0.899,0.349
757.533,4,0.9,0.422
757.637,-18,0.901,0.099
757.74,21,0.902,0.129
757.844,-2,0.903,0.196
757.947,11,0.904,0.039
758.051,15,0.906,0.149
758.154,-9,0.907,0.113
758.258,10,0.908,0.2
758.361,-18,0.909,0.104
758.464,-18,0.91,0.118
758.568,-22,0.911,0.361
758.671,14,0.912,0.276
758.774,-16,0.913,0.021
758.878,8,0.914,0.112
758.981,9,0.915,0.542
759.084,-15,0.916,0.158
759.188,-8,0.917,0.034
759.291,11,0.918,0.025
759.394,4,0.919,0.05
759.497,30,0.921,0.251
759.6,14,0.922,0.066
759.703,-21,0.923,0.135
759.807,-32,0.924,0.02
759.91,-9,0.925,0.105
760.013,-24,0.926,0.263
760.116,-11,0.927,0.139
760.219,-3,0.928,0.271
760.322,-7,0.929,0.04
760.425,-1,0.93,0.267
760.528,-4,0.931,0.139
760.631,-12,0.932,0.077
760.733,19,0.933,0.339
760.836,-2,0.934,0.185
760.939,-9,0.936,0.158
761.042,-4,0.937,0.189
761.145,-1,0.938,0.147
761.248,-5,0.939,0.181
761.35,11,0.94,0.203
761.453,-1,0.941,0.067
761.556,-18,0.942,0.263
761.659,-4,0.943,0.078
761.761,2,0.944,0.209
761.864,-6,0.945,0.06
761.967,-10,0.946,0.183
762.069,-11,0.947,0.152
762.172,-26,0.948,0.144
762.274,-23,0.949,0.141
762.377,-13,0.951,0.322
762.479,-3,0.952,0.455
762.582,-1,0.953,0.337
762.684,-14,0.954,0.051
762.787,-10,0.955,0.033
762.889,30,0.956,0.241
762.992,-4,0.957,0.279
763.094,-1,0.958,0.101
763.196,16,0.959,0.318
763.299,-16,0.96,0.052
763.401,-9,0.961,0.008
763.503,-9,0.962,0.308
763.605,-21,0.963,0.41
763.708,-1,0.964,0.005
763.81,3,0.966,0.079
763.912,-18,0.967,0.634
764.014,-16,0.968,0.48
764.116,11,0.969,0.42
764.219,16,0.97,0.356
764.321,-8,0.971,0.008
764.423,-3,0.972,0.184
764.525,-29,0.973,0.473
764.627,-13,0.974,0.057
764.729,-25,0.975,0.022
764.831,-3,0.976,0.23
764.933,5,0.977,0.27
765.035,-7,0.978,0.053
765.137,-9,0.979,0.464
765.239,-19,0.981,0.138
765.34,-14,0.982,0.373
765.442,-11,0.983,0.329
765.544,-21,0.984,0.448
765.646,-13,0.985,0.566
765.748,7,0.986,0.049
765.849,0,0.987,0.257
765.951,3,0.988,0.081
766.053,1,0.989,0.131
766.155,-4,0.99,0.265
766.256,0,0.991,0.13
766.358,15,0.992,0.078
766.46,8,0.993,0.282
766.561,20,0.994,0.246
766.663,-3,0.996,0.199
766.764,-8,0.997,0.11
766.866,-9,0.998,0.245
766.967,6,0.999,0.472
767.069,-1,1,0.077
767.17,-4,1.001,0.037
767.272,-11,1.002,0.226
767.373,-22,1.003,0.35
767.475,1,1.004,0.229
767.576,-4,1.005,0.026
767.677,-23,1.006,0.008
767.779,1,1.007,0.225
767.88,-12,1.008,0.486
767.981,-2,1.009,0.21
768.082,-17,1.011,0.136
768.184,-2,1.012,0.304
768.285,-26,1.013,0.106
768.386,-15,1.014,0.39
768.487,-2,1.015,0.084
768.588,0,1.016,0.473
768.69,-2,1.017,0.007
768.791,1,1.018,0.035
768.892,-5,1.019,0.019
768.993,-11,1.02,0.241
769.094,-2,1.021,0.195
769.195,-6,1.022,0.064
769.296,-16,1.023,0.296
769.397,-8,1.024,0.177
769.498,-11,1.026,0.179
769.599,-4,1.027,0.047
769.7,15,1.028,0.09
769.8,-4,1.029,0.008
769.901,-12,1.03,0.308
770.002,-5,1.031,0.194
770.103,21,1.032,0.259
770.204,2,1.033,0.091
770.304,-10,1.034,0.252
770.405,-14,1.035,0.036
770.506,-13,1.036,0.257
770.607,-20,1.037,0.013
770.707,3,1.038,0.016
770.808,-14,1.04,0.197
770.909,-7,1.041,0.224
771.009,-11,1.042,0.038
771.11,9,1.043,0.141
771.21,0,1.044,0.111
771.311,9,1.045,0.158
771.411,-9,1.046,0.087
771.512,18,1.047,0.176
771.612,-5,1.048,0.291
771.713,13,1.049,0.175
771.813,-27,1.05,0.154
771.914,-25,1.051,0.373
772.014,5,1.052,0.631
772.114,2,1.053,0.218
772.215,2,1.055,0.394
772.315,-19,1.056,0.097
772.415,-8,1.057,0.211
772.515,9,1.058,0.431
772.616,-6,1.059,0.181
772.716,-6,1.06,0.472
772.816,-26,1.061,0.356
772.916,-12,1.062,0.155
773.016,-17,1.063,0.219
773.117,3,1.064,0.156
773.217,-21,1.065,0.018
773.317,-10,1.066,0.128
773.417,18,1.067,0.374
773.517,-11,1.068,0.103
773.617,2,1.07,0.23
773.717,-17,1.071,0.167
773.817,-15,1.072,0.266
773.917,14,1.073,0.227
774.017,7,1.074,0.285
774.117,-24,1.075,0.15
774.216,-5,1.076,0.009
774.316,-15,1.077,0.003
774.416,18,1.078,0.378
774.516,0,1.079,0.129
774.616,-7,1.08,0.03
774.715,-9,1.081,0.125
774.815,22,1.082,0.218
774.915,-4,1.083,0.558
775.015,0,1.085,0.276
775.114,-1,1.086,0.077
775.214,-14,1.087,0.297
775.314,0,1.088,0.232
775.413,-7,1.089,0.264
775.513,-22,1.09,0.714
775.612,4,1.091,0.188
775.712,-2,1.092,0.212
775.811,14,1.093,0.345
775.911,-1,1.094,0.321
776.01,-2,1.095,0.099
776.11,-28,1.096,0.022
776.209,-4,1.097,0.045
776.309,1,1.098,0.251
776.408,-11,1.1,0.138
776.507,-8,1.101,0.08
776.607,-7,1.102,0.059
776.706,-6,1.103,0.057
776.805,-5,1.104,0.268
776.904,-6,1.105,0.383
777.004,-17,1.106,0.438
777.103,-7,1.107,0.438
777.202,30,1.108,0.392
777.301,1,1.109,0.435
777.4,13,1.11,0.283
777.5,-23,1.111,0.356
777.599,-40,1.112,0.309
777.698,-24,1.113,0.21
777.797,-2,1.115,0.411
777.896,-5,1.116,0.217
777.995,-17,1.117,0.427
778.094,-7,1.118,0.403
778.193,1,1.119,0.238
778.292,2,1.12,0.028
778.391,2,1.121,0.093
778.49,1,1.122,0.022
778.588,10,1.123,0.24
778.687,15,1.124,0.151
778.786,5,1.125,0.143
778.885,-2,1.126,0.044
778.984,-3,1.127,0.126
779.082,-6,1.128,0.1
779.181,1,1.13,0.046
779.28,-23,1.131,0.34
779.379,-41,1.132,0.034
779.477,8,1.133,0.342
779.576,3,1.134,0.198
779.675,-21,1.135,0.07
779.773,-15,1.136,0.027
779.872,-12,1.137,0.462
779.97,-9,1.138,0.259
780.069,-11,1.139,0.214
780.167,8,1.14,0.08
780.266,4,1.141,0.244
780.364,-4,1.142,0.196
780.463,-3,1.143,0.26
780.561,-15,1.145,0.534
780.66,-12,1.146,0.422
780.758,-1,1.147,0.076
780.856,4,1.148,0.141
780.955,-7,1.149,0.178
781.053,-16,1.15,0.252
781.151,13,1.151,0.111
781.249,3,1.152,0.027
781.348,-15,1.153,0.062
781.446,-4,1.154,0.121
781.544,1,1.155,0.148
781.642,-9,1.156,0.186
781.74,-24,1.157,0.338
781.838,-10,1.158,0.25
781.937,-14,1.16,0.322
782.035,-9,1.161,0.024
782.133,-16,1.162,0.064
782.231,-8,1.163,0.161
782.329,-9,1.164,0.353
782.427,-12,1.165,0.064
782.525,4,1.166,0.063
782.623,9,1.167,0.03
782.721,-1,1.168,0.049
782.818,-2,1.169,0.048
782.916,-15,1.17,0.073
783.014,10,1.171,0.09
783.112,-1,1.172,0.344
783.21,-17,1.173,0.077
783.308,-7,1.175,0.06
783.405,-4,1.176,0.048
783.503,-18,1.177,0.102
783.601,-11,1.178,0.199
783.699,-14,1.179,0.323
783.796,0,1.18,0.031
783.894,-5,1.181,0.553
783.991,4,1.182,0.334
784.089,-2,1.183,0.046
784.187,9,1.184,0.184
784.284,0,1.185,0.318
784.382,-25,1.186,0.127
784.479,7,1.187,0.587
784.577,-10,1.188,0.703
784.674,11,1.19,0.454
784.772,-2,1.191,0.419
784.869,-3,1.192,0.169
784.966,5,1.193,0.293
785.064,8,1.194,0.228
785.161,-9,1.195,0.066
785.258,-16,1.196,0.027
785.356,10,1.197,0.376
785.453,-16,1.198,0.185
785.55,-6,1.199,0.163
785.648,-4,1.2,0.276
785.745,-14,1.201,0.197
785.842,-7,1.202,0.453
785.939,-8,1.203,0.035
786.036,-13,1.205,0.03
786.133,4,1.206,0.014
786.231,-5,1.207,0.138
786.328,7,1.208,0.118
786.425,19,1.209,0.294
786.522,-2,1.21,0.192
786.619,-15,1.211,0.083
786.716,-9,1.212,0.172
786.813,-16,1.213,0.099
786.91,-15,1.214,0.476
787.006,-3,1.215,0.448
787.103,3,1.216,0.138
787.2,-1,1.217,0.308
787.297,-13,1.218,0.034
787.394,24,1.22,0.011
787.491,0,1.221,0.436
787.588,-11,1.222,0.12
787.684,9,1.223,0.254
787.781,-21,1.224,0.315
787.878,-14,1.225,0.101
787.974,6,1.226,0.29
788.071,-5,1.227,0.239
788.168,-18,1.228,0.141
788.264,4,1.229,0.233
788.361,-8,1.23,0.169
788.458,-21,1.231,0.14
788.554,-5,1.232,0.277
788.651,-2,1.233,0.141
788.747,10,1.235,0.114
788.844,-2,1.236,0.311
788.94,-6,1.237,0.308
789.037,-2,1.238,0.143
789.133,-4,1.239,0.155
789.229,1,1.24,0.021
789.326,-6,1.241,0.242
789.422,-2,1.242,0.316
789.518,3,1.243,0.268
789.615,-9,1.244,0.019
789.711,2,1.245,0.036
789.807,13,1.246,0.043
789.903,0,1.247,0.305
790,7,1.248,0.009
790.096,-17,1.25,0.171
790.192,14,1.251,0.108
790.288,5,1.252,0.111
790.384,0,1.253,0.116
790.48,7,1.254,0.03
790.576,-8,1.255,0.31
790.673,-9,1.256,0.225
790.769,-7,1.257,0.23
790.865,-22,1.258,0.238
790.961,5,1.259,0.432
791.057,-10,1.26,0.135
791.152,-28,1.261,0.187
791.248,5,1.262,0.129
791.344,8,1.263,0.15
791.44,-17,1.265,0.174
791.536,10,1.266,0.006
791.632,8,1.267,0.451
791.728,5,1.268,0.011
791.823,-7,1.269,0.221
791.919,-38,1.27,0.052
792.015,-11,1.271,0.06
792.111,-14,1.272,0.152
792.206,3,1.273,0.058
792.302,12,1.274,0.074
792.398,-24,1.275,0.061
792.493,-23,1.276,0.058
792.589,13,1.277,0.204
792.684,-3,1.278,0.391
792.78,-8,1.28,0.392
792.875,-8,1.281,0.071
792.971,2,1.282,0.062
793.066,-17,1.283,0.181
793.162,-3,1.284,0.164
793.257,9,1.285,0.174
793.353,1,1.286,0.008
793.448,0,1.287,0.113
793.544,16,1.288,0.237
793.639,5,1.289,0.229
793.734,18,1.29,0.116
793.83,5,1.291,0.092
793.925,12,1.292,0.088
794.02,-17,1.293,0.069
794.115,-5,1.295,0.121
794.211,8,1.296,0.219
794.306,-24,1.297,0.388
794.401,1,1.298,0.072
794.496,-6,1.299,0.583
794.591,-3,1.3,0.355
794.686,17,1.301,0.484
794.781,15,1.302,0.019
794.876,-14,1.303,0.305
794.971,-12,1.304,0.058
795.066,2,1.305,0.124
795.161,-7,1.306,0.448
795.256,-2,1.307,0.226
795.351,12,1.308,0.615
795.446,-7,1.31,0.014
795.541,4,1.311,0.008
795.636,11,1.312,0.013
795.731,10,1.313,0.338
795.826,5,1.314,0.131
795.92,-20,1.315,0.113
796.015,-17,1.316,0.212
796.11,-21,1.317,0.095
796.205,0,1.318,0.061
796.299,2,1.319,0.181
796.394,6,1.32,0.009
796.489,-10,1.321,0.073
796.583,-9,1.322,0.173
796.678,-12,1.323,0.098
796.773,-3,1.325,0.005
796.867,-7,1.326,0.074
796.962,-2,1.327,0.016
797.056,-2,1.328,0.305
797.151,-22,1.329,0.151
797.245,0,1.33,0.128
797.34,-26,1.331,0.079
797.434,-16,1.332,0.376
797.529,-24,1.333,0.162
797.623,-26,1.334,0.014
797.717,20,1.335,0.346
797.812,8,1.336,0.479
797.906,7,1.337,0.224
798,3,1.338,0.004
798.095,-7,1.34,0.174
798.189,0,1.341,0.095
798.283,21,1.342,0.486
798.377,-16,1.343,0.394
798.472,3,1.344,0.072
798.566,-16,1.345,0.118
798.66,-17,1.346,0.348
798.754,-1,1.347,0.075
798.848,21,1.348,0.196
798.942,-1,1.349,0.097
799.036,12,1.35,0.028
799.13,9,1.351,0.044
799.224,-16,1.352,0.069
799.318,-10,1.353,0.242
799.412,-8,1.355,0.452
799.506,-5,1.356,0.061
799.6,3,1.357,0.019
799.694,-10,1.358,0.416
799.788,-12,1.359,0.508
799.882,-39,1.36,0.255
799.975,-7,1.361,0.12
800.069,-19,1.362,0.068
800.163,-1,1.363,0.348
800.257,-10,1.364,0.163
800.351,-11,1.365,0.133
800.444,-8,1.366,0.135
800.538,1,1.367,0.028
800.632,29,1.368,0.195
800.725,8,1.37,0.174
800.819,6,1.371,0.254
800.912,-7,1.372,0.411
801.006,2,1.373,0.023
801.1,-14,1.374,0.041
801.193,2,1.375,0.209
801.287,10,1.376,0.004
801.38,5,1.377,0.071
801.474,-5,1.378,0.333
801.567,2,1.379,0.153
801.66,-11,1.38,0.137
801.754,8,1.381,0.059
801.847,0,1.382,0.105
801.941,-15,1.384,0.173
802.034,-17,1.385,0.044
802.127,-8,1.386,0.11
802.22,1,1.387,0.105
802.314,-11,1.388,0.265
802.407,-25,1.389,0.059
802.5,-5,1.39,0.051
802.593,-10,1.391,0.064
802.687,-11,1.392,0.737
802.78,6,1.393,0.056
802.873,4,1.394,0.16
802.966,-6,1.395,0.115
803.059,2,1.396,0.075
803.152,-1,1.397,0.299
803.245,2,1.399,0.414
803.338,-7,1.4,0.252
803.431,7,1.401,0.204
803.524,-8,1.402,0.189
803.617,-21,1.403,0.196
803.71,5,1.404,0.061
803.803,31,1.405,0.257
803.896,-12,1.406,0.267
803.988,-6,1.407,0.025
804.081,-21,1.408,0.049
804.174,5,1.409,0.175
804.267,-9,1.41,0.041
804.36,12,1.411,0.205
804.452,-9,1.412,0.031
804.545,16,1.414,0.102
804.638,-12,1.415,0.182
804.73,-17,1.416,0.359
804.823,0,1.417,0.071
804.916,-1,1.418,0.062
805.008,11,1.419,0.015
805.101,15,1.42,0.097
805.193,12,1.421,0.078
805.286,8,1.422,0.056
805.378,-15,1.423,0.099
805.471,14,1.424,0.001
805.563,1,1.425,0.043
805.656,-1,1.426,0.057
805.748,-15,1.427,0.043
805.841,-6,1.429,0.25
805.933,11,1.43,0.278
806.025,14,1.431,0.003
806.118,-5,1.432,0.449
806.21,2,1.433,0.315
806.302,17,1.434,0.006
806.394,2,1.435,0.322
806.487,3,1.436,0.032
806.579,8,1.437,0.427
806.671,1,1.438,0.296
806.763,10,1.439,0.033
806.855,-5,1.44,0.171
806.948,18,1.441,0.014
807.04,31,1.442,0.341
807.132,-12,1.444,0.201
807.224,3,1.445,0.123
807.316,6,1.446,0.133
807.408,2,1.447,0.276
807.5,9,1.448,0.184
807.592,3,1.449,0.023
807.684,9,1.45,0.055
807.776,-15,1.451,0.142
807.867,-15,1.452,0.042
807.959,6,1.453,0.291
808.051,19,1.454,0.019
808.143,1,1.455,0.081
808.235,-16,1.456,0.011
808.327,6,1.457,0.026
808.418,-19,1.459,0.11
808.51,0,1.46,0.073
808.602,17,1.461,0.271
808.693,12,1.462,0.075
808.785,-9,1.463,0.07
808.877,-17,1.464,0.059
808.968,18,1.465,0.034
809.06,-2,1.466,0.194
809.152,11,1.467,0.095
809.243,5,1.468,0.019
809.335,19,1.469,0.276
809.426,13,1.47,0.018
809.518,16,1.471,0.027
809.609,31,1.472,0.189
809.701,14,1.474,0.141
809.792,15,1.475,0.16
809.883,27,1.476,0.035
809.975,26,1.477,0.277
810.066,21,1.478,0.134
810.157,33,1.479,0.396
810.249,20,1.48,0.026
810.34,31,1.481,0.086
810.431,31,1.482,0.137
810.522,35,1.483,0.21
810.614,17,1.484,0.003
810.705,29,1.485,0.382
810.796,8,1.486,0.359
810.887,43,1.487,0.076
810.978,23,1.489,0.109
811.069,25,1.49,0.34
811.16,32,1.491,0.12
811.251,51,1.492,0.221
811.343,42,1.493,0.467
811.434,40,1.494,0.233
811.525,42,1.495,0.051
811.615,31,1.496,0.018
811.706,41,1.497,0.013
811.797,40,1.498,0.207
811.888,36,1.499,0.24
811.979,24,1.5,0.142
812.07,50,1.501,0.164
812.161,33,1.502,0.07
812.252,43,1.504,0.261
812.342,34,1.505,0.202
812.433,47,1.506,0.193
812.524,38,1.507,0.064
812.615,40,1.508,0.042
812.705,47,1.509,0.122
812.796,77,1.51,0.382
812.887,63,1.511,0.028
812.977,84,1.512,0.159
813.068,72,1.513,0.175
813.158,93,1.514,0.099
813.249,101,1.515,0.013
813.339,101,1.516,0.055
813.43,105,1.517,0.12
813.52,118,1.519,0.053
813.611,147,1.52,0.066
813.701,142,1.521,0.025
813.792,146,1.522,0.144
813.882,163,1.523,0.097
813.972,170,1.524,0.158
814.063,191,1.525,0.017
814.153,169,1.526,0.328
814.243,186,1.527,0.149
814.334,174,1.528,0.063
814.424,194,1.529,0.079
814.514,183,1.53,0.056
814.604,172,1.531,0.228
814.695,169,1.532,0.04
814.785,167,1.534,0.079
814.875,169,1.535,0.215
814.965,161,1.536,0.028
815.055,166,1.537,0.258
815.145,153,1.538,0.445
815.235,182,1.539,0.03
815.325,189,1.54,0.015
815.415,165,1.541,0.053
815.505,186,1.542,0.083
815.595,202,1.543,0.271
815.685,195,1.544,0.337
815.775,193,1.545,0.154
815.865,205,1.546,0.202
815.955,214,1.547,0.207
816.045,228,1.549,0.003
816.134,278,1.55,0.299
816.224,281,1.551,0.225
816.314,313,1.552,0.005
816.404,319,1.553,0.214
816.494,372,1.554,0.015
816.583,402,1.555,0.424
816.673,398,1.556,0.082
816.763,471,1.557,0.147
816.852,534,1.558,0.395
816.942,560,1.559,0.033
817.031,583,1.56,0.243
817.121,689,1.561,0.195
817.211,643,1.562,0.04
817.3,657,1.564,0.306
817.39,708,1.565,0.256
817.479,708,1.566,0.074
817.568,693,1.567,0.076
817.658,674,1.568,0.088
817.747,702,1.569,0.214
817.837,687,1.57,0.189
817.926,610,1.571,0.065
818.015,586,1.572,0.177
818.105,598,1.573,0.034
818.194,541,1.574,0.134
818.283,487,1.575,0.2
818.373,495,1.576,0.154
818.462,504,1.577,0.074
818.551,465,1.579,0.167
818.64,479,1.58,0.065
818.729,502,1.581,0.046
818.819,499,1.582,0.092
818.908,524,1.583,0.131
818.997,569,1.584,0.327
819.086,615,1.585,0.153
819.175,643,1.586,0.147
819.264,708,1.587,0.137
819.353,712,1.588,0.026
819.442,800,1.589,0.044
819.531,842,1.59,0.183
819.62,874,1.591,0.074
819.709,938,1.592,0.501
819.798,987,1.594,0.151
819.886,1033,1.595,0.292
819.975,1092,1.596,0.193
820.064,1171,1.597,0.061
820.153,1175,1.598,0.028
820.242,1252,1.599,0.005
820.33,1323,1.6,0.023
820.419,1317,1.601,0.303
820.508,1429,1.602,0.108
820.597,1482,1.603,0.332
820.685,1540,1.604,0.094
820.774,1559,1.605,0.288
820.862,1620,1.606,0.074
820.951,1606,1.607,0.28
821.04,1617,1.609,0.208
821.128,1604,1.61,0.011
821.217,1560,1.611,0.025
821.305,1588,1.612,0.176
821.394,1482,1.613,0.015
821.482,1425,1.614,0.046
821.571,1397,1.615,0.135
821.659,1301,1.616,0.399
821.747,1217,1.617,0.022
821.836,1114,1.618,0.153
821.924,1066,1.619,0.14
822.012,1014,1.62,0.068
822.101,976,1.621,0.162
822.189,953,1.622,0.118
822.277,948,1.624,0.286
822.365,993,1.625,0.094
822.454,1055,1.626,0.076
822.542,1165,1.627,0.023
822.63,1265,1.628,0.312
822.718,1386,1.629,0.367
822.806,1517,1.63,0.175
822.894,1680,1.631,0.162
822.982,1805,1.632,0.217
823.071,1969,1.633,0.342
823.159,2102,1.634,0.279
823.247,2242,1.635,0.34
823.335,2354,1.636,0.328
823.422,2397,1.637,0.183
823.51,2498,1.639,0.43
823.598,2544,1.64,0.057
823.686,2514,1.641,0.004
823.774,2496,1.642,0.197
823.862,2460,1.643,0.326
823.95,2464,1.644,0.118
824.038,2451,1.645,0.202
824.125,2379,1.646,0.118
824.213,2329,1.647,0.043
824.301,2288,1.648,0.16
824.389,2271,1.649,0.005
824.476,2195,1.65,0.136
824.564,2116,1.651,0.103
824.651,2117,1.652,0.423
824.739,2068,1.654,0.068
824.827,1984,1.655,0.223
824.914,1906,1.656,0.363
825.002,1903,1.657,0.193
825.089,1888,1.658,0.078
825.177,1819,1.659,0.243
825.264,1765,1.66,0.023
825.352,1752,1.661,0.029
825.439,1659,1.662,0.21
825.527,1643,1.663,0.042
825.614,1596,1.664,0.098
825.701,1551,1.665,0.134
825.789,1563,1.666,0.024
825.876,1569,1.667,0.018
825.963,1636,1.669,0.244
826.051,1678,1.67,0.09
826.138,1744,1.671,0.18
826.225,1925,1.672,0.121
826.312,2025,1.673,0.018
826.399,2166,1.674,0.034
826.487,2342,1.675,0.26
826.574,2566,1.676,0.158
826.661,2752,1.677,0.173
826.748,2960,1.678,0.221
826.835,3127,1.679,0.168
826.922,3315,1.68,0.28
827.009,3449,1.681,0.161
827.096,3561,1.682,0.174
827.183,3609,1.684,0.082
827.27,3694,1.685,0.174
827.357,3687,1.686,0.192
827.444,3619,1.687,0.129
827.531,3559,1.688,0.161
827.618,3436,1.689,0.397
827.705,3272,1.69,0.598
827.791,3151,1.691,0.19
827.878,2986,1.692,0.233
827.965,2782,1.693,0.532
828.052,2612,1.694,0.043
828.138,2434,1.695,0.128
828.225,2296,1.696,0.192
828.312,2156,1.697,0.548
828.398,2031,1.699,0.131
828.485,1908,1.7,0.471
828.572,1851,1.701,0.066
828.658,1807,1.702,0.164
828.745,1797,1.703,0.376
828.831,1837,1.704,0.122
828.918,1853,1.705,0.065
829.004,1918,1.706,0.106
829.091,1972,1.707,0.458
829.177,2003,1.708,0.432
829.264,2059,1.709,0.113
829.35,2134,1.71,0.082
829.437,2182,1.711,0.213
829.523,2236,1.712,0.061
829.609,2307,1.714,0.179
829.696,2401,1.715,0.326
829.782,2485,1.716,0.126
829.868,2482,1.717,0.077
829.954,2579,1.718,0.039
830.041,2690,1.719,0.143
830.127,2743,1.72,0.143
830.213,2798,1.721,0.469
830.299,2936,1.722,0.135
830.385,3093,1.723,0.016
830.471,3182,1.724,0.207
830.558,3286,1.725,0.058
830.644,3385,1.726,0.013
830.73,3438,1.728,0.055
830.816,3483,1.729,0.053
830.902,3570,1.73,0.2
830.988,3612,1.731,0.198
831.074,3618,1.732,0.016
831.16,3575,1.733,0.075
831.245,3501,1.734,0.025
831.331,3376,1.735,0.1
831.417,3253,1.736,0.157
831.503,3063,1.737,0.322
831.589,2913,1.738,0.414
831.675,2698,1.739,0.107
831.76,2501,1.74,0.083
831.846,2293,1.741,0.188
831.932,2124,1.743,0.117
832.018,1985,1.744,0.221
832.103,1823,1.745,0.213
832.189,1702,1.746,0.011
832.275,1617,1.747,0.033
832.36,1585,1.748,0.127
832.446,1600,1.749,0.127
832.531,1597,1.75,0.185
832.617,1636,1.751,0.039
832.702,1784,1.752,0.095
832.788,1887,1.753,0.169
832.873,2037,1.754,0.244
832.959,2137,1.755,0.19
833.044,2316,1.756,0.066
833.13,2488,1.758,0.03
833.215,2619,1.759,0.343
833.301,2776,1.76,0.098
833.386,2841,1.761,0.044
833.471,2927,1.762,0.078
833.556,3024,1.763,0.024
833.642,2967,1.764,0.205
833.727,2998,1.765,0.086
833.812,3045,1.766,0.157
833.897,2965,1.767,0.368
833.983,3008,1.768,0.025
834.068,2900,1.769,0.033
834.153,2843,1.77,0.026
834.238,2795,1.771,0.02
834.323,2801,1.773,0.129
834.408,2723,1.774,0.011
834.493,2652,1.775,0.311
834.578,2608,1.776,0.047
834.663,2547,1.777,0.177
834.748,2520,1.778,0.185
834.833,2455,1.779,0.143
834.918,2347,1.78,0.206
835.003,2318,1.781,0.052
835.088,2290,1.782,0.064
835.173,2177,1.783,0.157
835.258,2123,1.784,0.021
835.342,2022,1.785,0.14
835.427,2001,1.786,0.106
835.512,1891,1.788,0.112
835.597,1782,1.789,0.255
835.682,1663,1.79,0.281
835.766,1569,1.791,0.291
835.851,1481,1.792,0.153
835.936,1412,1.793,0.062
836.02,1347,1.794,0.085
836.105,1324,1.795,0.138
836.189,1336,1.796,0.458
836.274,1375,1.797,0.175
836.359,1435,1.798,0.151
836.443,1462,1.799,0.147
836.528,1609,1.8,0.227
836.612,1676,1.801,0.001
836.696,1838,1.803,0.25
836.781,1989,1.804,0.102
836.865,2076,1.805,0.065
836.95,2236,1.806,0.248
837.034,2403,1.807,0.177
837.118,2545,1.808,0.295
837.203,2633,1.809,0.143
837.287,2704,1.81,0.207
837.371,2745,1.811,0.13
837.456,2804,1.812,0.072
837.54,2761,1.813,0.011
837.624,2765,1.814,0.088
837.708,2686,1.815,0.065
837.792,2571,1.816,0.294
837.876,2494,1.818,0.197
837.961,2342,1.819,0.059
838.045,2269,1.82,0.126
838.129,2102,1.821,0.027
838.213,1963,1.822,0.177
838.297,1864,1.823,0.054
838.381,1702,1.824,0.106
838.465,1609,1.825,0.076
838.549,1516,1.826,0.1
838.633,1436,1.827,0.117
838.717,1348,1.828,0.056
838.8,1290,1.829,0.043
838.884,1241,1.83,0.198
838.968,1182,1.831,0.236
839.052,1222,1.833,0.118
839.136,1180,1.834,0.153
839.22,1198,1.835,0.005
839.303,1193,1.836,0.192
839.387,1215,1.837,0.003
839.471,1213,1.838,0.12
839.554,1193,1.839,0.359
839.638,1212,1.84,0.13
839.722,1216,1.841,0.039
839.805,1200,1.842,0.147
839.889,1250,1.843,0.162
839.972,1258,1.844,0.318
840.056,1266,1.845,0.182
840.14,1267,1.846,0.27
840.223,1301,1.848,0.237
840.307,1365,1.849,0.219
840.39,1401,1.85,0.244
840.473,1440,1.851,0.038
840.557,1495,1.852,0.379
840.64,1566,1.853,0.079
840.724,1634,1.854,0.115
840.807,1707,1.855,0.144
840.89,1795,1.856,0.198
840.973,1848,1.857,0.196
841.057,1899,1.858,0.268
841.14,1952,1.859,0.227
841.223,1997,1.86,0.167
841.306,2050,1.861,0.015
841.39,2032,1.863,0.031
841.473,1987,1.864,0.12
841.556,2021,1.865,0.266
841.639,1942,1.866,0.005
841.722,1846,1.867,0.501
841.805,1804,1.868,0.067
841.888,1691,1.869,0.063
841.971,1612,1.87,0.094
842.054,1462,1.871,0.114
842.137,1346,1.872,0.207
842.22,1232,1.873,0.137
842.303,1147,1.874,0.019
842.386,1033,1.875,0.017
842.469,967,1.876,0.153
842.552,889,1.878,0.008
842.635,835,1.879,0.066
842.717,812,1.88,0.53
842.8,793,1.881,0.096
842.883,751,1.882,0.298
842.966,815,1.883,0.066
843.048,804,1.884,0.175
843.131,856,1.885,0.03
843.214,865,1.886,0.102
843.297,948,1.887,0.059
843.379,996,1.888,0.107
843.462,1055,1.889,0.315
843.544,1114,1.89,0.34
843.627,1152,1.891,0.051
843.709,1188,1.893,0.106
843.792,1234,1.894,0.183
843.875,1296,1.895,0.005
843.957,1278,1.896,0.056
844.039,1307,1.897,0.094
844.122,1299,1.898,0.122
844.204,1338,1.899,0.405
844.287,1317,1.9,0.082
844.369,1305,1.901,0.38
844.451,1293,1.902,0.108
844.534,1302,1.903,0.469
844.616,1264,1.904,0.364
844.698,1296,1.905,0.233
844.78,1269,1.906,0.034
844.863,1307,1.908,0.291
844.945,1288,1.909,0.206
845.027,1256,1.91,0.224
845.109,1276,1.911,0.327
845.191,1256,1.912,0.036
845.274,1240,1.913,0.109
845.356,1259,1.914,0.028
845.438,1206,1.915,0.092
845.52,1196,1.916,0.011
845.602,1164,1.917,0.127
845.684,1138,1.918,0.016
845.766,1075,1.919,0.171
845.848,1032,1.92,0.093
845.93,968,1.921,0.132
846.011,935,1.923,0.196
846.093,855,1.924,0.184
846.175,795,1.925,0.145
846.257,752,1.926,0.051
846.339,700,1.927,0.152
846.421,636,1.928,0.176
846.502,609,1.929,0.077
846.584,591,1.93,0.344
846.666,582,1.931,0.287
846.748,594,1.932,0.154
846.829,586,1.933,0.133
846.911,604,1.934,0.247
846.993,622,1.935,0.219
847.074,684,1.936,0.314
847.156,733,1.938,0.098
847.237,793,1.939,0.053
847.319,811,1.94,0.195
847.4,878,1.941,0.125
847.482,961,1.942,0.226
847.563,1011,1.943,0.226
847.645,1081,1.944,0.111
847.726,1078,1.945,0.327
847.808,1144,1.946,0.103
847.889,1156,1.947,0.005
847.97,1167,1.948,0.004
848.052,1159,1.949,0.202
848.133,1124,1.95,0.015
848.214,1099,1.951,0.275
848.296,1088,1.953,0.064
848.377,1078,1.954,0.212
848.458,1033,1.955,0.498
848.539,995,1.956,0.41
848.621,949,1.957,0.253
848.702,905,1.958,0.41
848.783,851,1.959,0.498
848.864,791,1.96,0.212
848.945,765,1.961,0.064
849.026,716,1.962,0.275
849.107,680,1.963,0.015
849.188,684,1.964,0.202
849.269,662,1.965,0.004
849.35,618,1.966,0.005
849.431,623,1.968,0.103
849.512,564,1.969,0.327
849.593,568,1.97,0.111
849.674,590,1.971,0.226
849.755,562,1.972,0.226
849.836,539,1.973,0.125
849.916,511,1.974,0.195
849.997,538,1.975,0.053
850.078,503,1.976,0.098
850.159,490,1.977,0.314
850.239,484,1.978,0.219
850.32,472,1.979,0.247
850.401,476,1.98,0.133
850.481,461,1.981,0.154
850.562,433,1.983,0.287
850.643,403,1.984,0.344
850.723,451,1.985,0.077
850.804,439,1.986,0.176
850.884,483,1.987,0.152
850.965,462,1.988,0.051
851.045,479,1.989,0.145
851.126,493,1.99,0.184
851.206,521,1.991,0.196
851.287,560,1.992,0.132
851.367,586,1.993,0.093
851.447,616,1.994,0.171
851.528,644,1.995,0.016
851.608,690,1.996,0.127
851.689,698,1.998,0.011
851.769,701,1.999,0.092
851.849,700,2,0.028
851.929,724,2.001,0.109
852.01,709,2.002,0.036
852.09,715,2.003,0.327
852.17,705,2.004,0.224
852.25,698,2.005,0.206
852.33,647,2.006,0.291
852.41,642,2.007,0.034
852.49,619,2.008,0.233
852.57,571,2.009,0.364
852.651,533,2.01,0.469
852.731,471,2.011,0.108
852.811,462,2.013,0.38
852.891,410,2.014,0.082
852.97,361,2.015,0.405
853.05,336,2.016,0.122
853.13,343,2.017,0.094
853.21,310,2.018,0.056
853.29,275,2.019,0.005
853.37,278,2.02,0.183
853.45,269,2.021,0.106
853.529,272,2.022,0.051
853.609,236,2.023,0.34
853.689,232,2.024,0.315
853.769,218,2.025,0.107
853.848,246,2.026,0.059
853.928,265,2.028,0.102
854.008,266,2.029,0.03
854.087,260,2.03,0.175
854.167,274,2.031,0.066
854.247,285,2.032,0.298
854.326,312,2.033,0.096
854.406,312,2.034,0.53
854.485,293,2.035,0.066
854.565,310,2.036,0.008
854.644,331,2.037,0.153
854.724,343,2.038,0.017
854.803,299,2.039,0.019
854.882,280,2.04,0.137
854.962,305,2.041,0.207
855.041,307,2.043,0.114
855.121,303,2.044,0.094
855.2,286,2.045,0.063
855.279,285,2.046,0.067
855.358,327,2.047,0.501
855.438,330,2.048,0.005
855.517,293,2.049,0.266
855.596,296,2.05,0.12
855.675,335,2.051,0.031
855.754,330,2.052,0.015
855.834,345,2.053,0.167
855.913,304,2.054,0.227
855.992,325,2.055,0.268
856.071,320,2.056,0.196
856.15,314,2.058,0.198
856.229,313,2.059,0.144
856.308,298,2.06,0.115
856.387,274,2.061,0.079
856.466,280,2.062,0.379
856.545,275,2.063,0.038
856.624,262,2.064,0.244
856.703,229,2.065,0.219
856.781,223,2.066,0.237
856.86,220,2.067,0.27
856.939,212,2.068,0.182
857.018,155,2.069,0.318
857.097,127,2.07,0.162
857.175,150,2.072,0.147
857.254,139,2.073,0.039
857.333,113,2.074,0.13
857.411,107,2.075,0.359
857.49,98,2.076,0.12
857.569,127,2.077,0.003
857.647,99,2.078,0.192
857.726,119,2.079,0.005
857.805,112,2.08,0.153
857.883,126,2.081,0.118
857.962,100,2.082,0.236
858.04,127,2.083,0.198
858.119,130,2.084,0.043
858.197,156,2.085,0.056
858.275,162,2.087,0.117
858.354,157,2.088,0.1
858.432,188,2.089,0.076
858.511,191,2.09,0.106
858.589,178,2.091,0.054
858.667,188,2.092,0.177
858.746,214,2.093,0.027
858.824,193,2.094,0.126
858.902,205,2.095,0.059
858.98,176,2.096,0.197
859.058,186,2.097,0.294
859.137,162,2.098,0.065
859.215,174,2.099,0.088
859.293,192,2.1,0.011
859.371,152,2.102,0.072
859.449,165,2.103,0.13
859.527,151,2.104,0.207
859.605,124,2.105,0.143
859.683,151,2.106,0.295
859.761,139,2.107,0.177
859.839,102,2.108,0.248
859.917,108,2.109,0.065
859.995,105,2.11,0.102
860.073,109,2.111,0.25
860.151,92,2.112,0.001
860.229,91,2.113,0.227
860.307,100,2.114,0.147
860.384,105,2.115,0.151
860.462,66,2.117,0.175
860.54,94,2.118,0.458
860.618,99,2.119,0.138
860.695,88,2.12,0.085
860.773,61,2.121,0.062
860.851,73,2.122,0.153
860.928,66,2.123,0.291
861.006,76,2.124,0.281
861.084,80,2.125,0.255
861.161,71,2.126,0.112
861.239,97,2.127,0.106
861.316,52,2.128,0.14
861.394,45,2.129,0.021
861.471,60,2.13,0.157
861.549,58,2.132,0.064
861.626,57,2.133,0.052
861.704,53,2.134,0.206
861.781,48,2.135,0.143
861.859,37,2.136,0.185
861.936,47,2.137,0.177
862.013,64,2.138,0.047
862.091,51,2.139,0.311
862.168,64,2.14,0.011
862.245,84,2.141,0.129
862.322,73,2.142,0.02
862.4,92,2.143,0.026
862.477,89,2.144,0.033
862.554,85,2.145,0.025
862.631,89,2.147,0.368
862.708,97,2.148,0.157
862.785,92,2.149,0.086
862.862,97,2.15,0.205
862.939,104,2.151,0.024
863.017,113,2.152,0.078
863.094,110,2.153,0.044
863.171,105,2.154,0.098
863.248,79,2.155,0.343
863.324,57,2.156,0.03
863.401,70,2.157,0.066
863.478,72,2.158,0.19
863.555,65,2.159,0.244
863.632,67,2.16,0.169
863.709,53,2.162,0.095
863.786,62,2.163,0.039
863.862,62,2.164,0.185
863.939,36,2.165,0.127
864.016,31,2.166,0.127
864.093,29,2.167,0.033
864.169,40,2.168,0.011
864.246,38,2.169,0.213
864.323,20,2.17,0.221
864.399,25,2.171,0.117
864.476,17,2.172,0.188
864.553,13,2.173,0.083
864.629,29,2.174,0.107
864.706,39,2.175,0.414
864.782,15,2.177,0.322
864.859,1,2.178,0.157
864.935,19,2.179,0.1
865.012,26,2.18,0.025
865.088,13,2.181,0.075
865.164,12,2.182,0.016
865.241,17,2.183,0.198
865.317,35,2.184,0.2
865.394,45,2.185,0.053
865.47,12,2.186,0.055
865.546,15,2.187,0.013
865.622,6,2.188,0.058
865.699,19,2.189,0.207
865.775,17,2.19,0.016
865.851,30,2.192,0.135
865.927,30,2.193,0.469
866.003,29,2.194,0.143
866.08,11,2.195,0.143
866.156,25,2.196,0.039
866.232,23,2.197,0.077
866.308,16,2.198,0.126
866.384,41,2.199,0.326
866.46,42,2.2,0.179
866.536,58,2.201,0.061
866.612,41,2.202,0.213
866.688,44,2.203,0.082
866.764,21,2.204,0.113
866.84,33,2.205,0.432
866.915,44,2.207,0.458
866.991,30,2.208,0.106
867.067,48,2.209,0.065
867.143,15,2.21,0.122
867.219,12,2.211,0.376
867.295,23,2.212,0.164
867.37,54,2.213,0.066
867.446,19,2.214,0.471
867.522,27,2.215,0.131
867.597,35,2.216,0.548
867.673,26,2.217,0.192
867.749,41,2.218,0.128
867.824,36,2.219,0.043
867.9,23,2.22,0.532
867.975,21,2.222,0.233
868.051,14,2.223,0.19
868.126,30,2.224,0.598
868.202,11,2.225,0.397
868.277,15,2.226,0.161
868.353,8,2.227,0.129
868.428,21,2.228,0.192
868.504,-5,2.229,0.174
868.579,-19,2.23,0.082
868.654,4,2.231,0.174
868.73,-4,2.232,0.161
868.805,1,2.233,0.28
868.88,10,2.234,0.168
868.956,10,2.235,0.221
869.031,-5,2.237,0.173
869.106,11,2.238,0.158
869.181,-20,2.239,0.26
869.256,22,2.24,0.034
869.332,10,2.241,0.018
869.407,0,2.242,0.121
869.482,2,2.243,0.18
869.557,-6,2.244,0.09
869.632,1,2.245,0.244
869.707,-7,2.246,0.018
869.782,2,2.247,0.024
869.857,12,2.248,0.134
869.932,16,2.249,0.098
870.007,32,2.25,0.042
870.082,7,2.252,0.21
870.157,-5,2.253,0.029
870.232,8,2.254,0.023
870.307,1,2.255,0.243
870.381,11,2.256,0.078
870.456,8,2.257,0.193
870.531,19,2.258,0.363
870.606,7,2.259,0.223
870.68,-9,2.26,0.068
870.755,10,2.261,0.423
870.83,-1,2.262,0.103
870.905,25,2.263,0.136
870.979,-7,2.264,0.005
871.054,23,2.265,0.16
871.128,13,2.267,0.043
871.203,13,2.268,0.118
871.278,17,2.269,0.202
871.352,17,2.27,0.118
871.427,29,2.271,0.326
871.501,19,2.272,0.197
871.576,26,2.273,0.004
871.65,30,2.274,0.057
871.725,1,2.275,0.43
871.799,6,2.276,0.183
871.873,13,2.277,0.328
871.948,7,2.278,0.34
872.022,-3,2.279,0.279
872.096,14,2.28,0.342
872.171,-27,2.282,0.217
872.245,-18,2.283,0.162
872.319,5,2.284,0.175
872.393,12,2.285,0.367
872.468,14,2.286,0.312
872.542,10,2.287,0.023
872.616,1,2.288,0.076
872.69,8,2.289,0.094
872.764,10,2.29,0.286
872.838,7,2.291,0.118
872.912,6,2.292,0.162
872.986,-4,2.293,0.068
873.06,7,2.294,0.14
873.134,-3,2.295,0.153
873.208,-3,2.297,0.022
873.282,-8,2.298,0.399
873.356,8,2.299,0.135
873.43,-3,2.3,0.046
873.504,-6,2.301,0.015
873.578,-14,2.302,0.176
873.652,0,2.303,0.025
873.725,1,2.304,0.011
873.799,2,2.305,0.208
873.873,8,2.306,0.28
873.947,-7,2.307,0.074
874.02,3,2.308,0.288
874.094,-17,2.309,0.094
874.168,-6,2.31,0.332
874.241,-1,2.312,0.108
874.315,-2,2.313,0.303
874.389,-32,2.314,0.023
874.462,-8,2.315,0.005
874.536,-16,2.316,0.028
874.609,7,2.317,0.061
874.683,-29,2.318,0.193
874.756,14,2.319,0.292
874.83,3,2.32,0.151
874.903,1,2.321,0.501
874.977,-1,2.322,0.074
875.05,-9,2.323,0.183
875.123,-8,2.324,0.044
875.197,7,2.325,0.026
875.27,0,2.327,0.137
875.343,-25,2.328,0.147
875.417,-21,2.329,0.153
875.49,-6,2.33,0.327
875.563,-14,2.331,0.131
875.637,-7,2.332,0.092
875.71,12,2.333,0.046
875.783,13,2.334,0.065
875.856,8,2.335,0.167
875.929,10,2.336,0.074
876.002,-5,2.337,0.154
876.075,-17,2.338,0.2
876.148,-11,2.339,0.134
876.221,-6,2.34,0.034
876.294,-1,2.342,0.177
876.367,-5,2.343,0.065
876.44,-6,2.344,0.189
876.513,-15,2.345,0.214
876.586,0,2.346,0.088
876.659,1,2.347,0.076
876.732,9,2.348,0.074
876.805,2,2.349,0.256
876.878,5,2.35,0.306
876.951,-10,2.351,0.04
877.023,-4,2.352,0.195
877.096,2,2.353,0.243
877.169,5,2.354,0.033
877.242,-21,2.355,0.395
877.314,-3,2.357,0.147
877.387,-6,2.358,0.082
877.46,6,2.359,0.424
877.532,16,2.36,0.015
877.605,-13,2.361,0.214
877.677,-23,2.362,0.005
877.75,-6,2.363,0.225
877.823,-25,2.364,0.299
877.895,-7,2.365,0.003
877.968,-14,2.366,0.207
878.04,-19,2.367,0.202
878.112,-9,2.368,0.154
878.185,1,2.369,0.337
878.257,2,2.37,0.271
878.33,-13,2.372,0.083
878.402,-6,2.373,0.053
878.474,0,2.374,0.015
878.547,-3,2.375,0.03
878.619,-14,2.376,0.445
878.691,-13,2.377,0.258
878.763,-5,2.378,0.028
878.836,-3,2.379,0.215
878.908,10,2.38,0.079
878.98,-2,2.381,0.04
879.052,-4,2.382,0.228
879.124,-9,2.383,0.056
879.196,-1,2.384,0.079
879.269,6,2.385,0.063
879.341,10,2.387,0.149
879.413,2,2.388,0.328
879.485,10,2.389,0.017
879.557,3,2.39,0.158
879.629,-17,2.391,0.097
879.701,4,2.392,0.144
879.772,5,2.393,0.025
879.844,-10,2.394,0.066
879.916,-6,2.395,0.053
879.988,-19,2.396,0.12
880.06,-13,2.397,0.055
880.132,-19,2.398,0.013
880.204,-7,2.399,0.099
880.275,4,2.4,0.175
880.347,6,2.402,0.159
880.419,0,2.403,0.028
880.49,1,2.404,0.382
880.562,-13,2.405,0.122
880.634,-15,2.406,0.042
880.705,8,2.407,0.064
880.777,8,2.408,0.193
880.849,11,2.409,0.202
880.92,-10,2.41,0.261
880.992,-8,2.411,0.07
881.063,-2,2.412,0.164
881.135,-12,2.413,0.142
881.206,-24,2.414,0.24
881.278,-10,2.416,0.207
881.349,3,2.417,0.013
881.42,-10,2.418,0.018
881.492,7,2.419,0.051
881.563,-2,2.42,0.233
881.634,5,2.421,0.467
881.706,-5,2.422,0.221
881.777,4,2.423,0.12
881.848,8,2.424,0.34
881.92,-7,2.425,0.109
881.991,-17,2.426,0.076
882.062,-12,2.427,0.359
882.133,-33,2.428,0.382
882.204,-9,2.429,0.003
882.275,-15,2.431,0.21
882.347,15,2.432,0.137
882.418,-5,2.433,0.086
882.489,-6,2.434,0.026
882.56,-7,2.435,0.396
882.631,-26,2.436,0.134
882.702,1,2.437,0.277
882.773,-17,2.438,0.035
882.844,-5,2.439,0.16
882.915,-2,2.44,0.141
882.985,-5,2.441,0.189
883.056,-15,2.442,0.027
883.127,15,2.443,0.018
883.198,8,2.444,0.276
883.269,-1,2.446,0.019
883.34,-22,2.447,0.095
883.41,-7,2.448,0.194
883.481,-5,2.449,0.034
883.552,-1,2.45,0.059
883.623,-9,2.451,0.07
883.693,-8,2.452,0.075
883.764,2,2.453,0.271
883.834,-22,2.454,0.073
883.905,-7,2.455,0.11
883.976,3,2.456,0.026
884.046,11,2.457,0.011
884.117,-25,2.458,0.081
884.187,-9,2.459,0.019
884.258,15,2.461,0.291
884.328,8,2.462,0.042
884.399,17,2.463,0.142
884.469,-3,2.464,0.055
884.54,-4,2.465,0.023
884.61,-2,2.466,0.184
884.68,-4,2.467,0.276
884.751,1,2.468,0.133
884.821,22,2.469,0.123
884.891,-5,2.47,0.201
884.961,-26,2.471,0.341
885.032,-13,2.472,0.014
885.102,-14,2.473,0.171
885.172,2,2.474,0.033
885.242,6,2.476,0.296
885.312,-17,2.477,0.427
885.383,-13,2.478,0.032
885.453,-3,2.479,0.322
885.523,6,2.48,0.006
885.593,-18,2.481,0.315
885.663,-44,2.482,0.449
885.733,-2,2.483,0.003
885.803,6,2.484,0.278
885.873,-36,2.485,0.25
885.943,-6,2.486,0.043
886.013,-19,2.487,0.057
886.083,-9,2.488,0.043
886.152,-8,2.489,0.001
886.222,19,2.491,0.099
886.292,12,2.492,0.056
886.362,5,2.493,0.078
886.432,-17,2.494,0.097
886.501,17,2.495,0.015
886.571,5,2.496,0.062
886.641,5,2.497,0.071
886.711,14,2.498,0.359
886.78,-24,2.499,0.182
886.85,-12,2.5,0.102
886.92,-29,2.501,0.031
886.989,-6,2.502,0.205
887.059,-4,2.503,0.041
887.128,-1,2.504,0.175
887.198,-20,2.506,0.049
887.267,-11,2.507,0.025
887.337,-15,2.508,0.267
887.406,-11,2.509,0.257
887.476,1,2.51,0.061
887.545,16,2.511,0.196
887.615,6,2.512,0.189
887.684,-18,2.513,0.204
887.753,-26,2.514,0.252
887.823,-9,2.515,0.414
887.892,6,2.516,0.299
887.961,7,2.517,0.075
888.03,-6,2.518,0.115
888.1,8,2.519,0.16
888.169,13,2.521,0.056
888.238,-4,2.522,0.737
888.307,-11,2.523,0.064
888.376,-18,2.524,0.051
888.446,-17,2.525,0.059
888.515,8,2.526,0.265
888.584,-20,2.527,0.105
888.653,-19,2.528,0.11
888.722,6,2.529,0.044
888.791,-3,2.53,0.173
888.86,-17,2.531,0.105
888.929,-16,2.532,0.059
888.998,14,2.533,0.137
889.067,3,2.534,0.153
889.136,-7,2.536,0.333
889.204,-21,2.537,0.071
889.273,-21,2.538,0.004
889.342,6,2.539,0.209
889.411,-14,2.54,0.041
889.48,22,2.541,0.023
889.549,-16,2.542,0.411
889.617,13,2.543,0.254
889.686,2,2.544,0.174
889.755,-3,2.545,0.195
889.823,19,2.546,0.028
889.892,16,2.547,0.135
889.961,13,2.548,0.133
890.029,-2,2.549,0.163
890.098,4,2.551,0.348
890.166,-5,2.552,0.068
890.235,-8,2.553,0.12
890.303,0,2.554,0.255
890.372,-14,2.555,0.508
890.44,-13,2.556,0.416
890.509,15,2.557,0.019
890.577,6,2.558,0.061
890.646,9,2.559,0.452
890.714,-14,2.56,0.242
890.782,4,2.561,0.069
890.851,0,2.562,0.044
890.919,-3,2.563,0.028
890.987,-4,2.564,0.097
891.056,-14,2.566,0.196
891.124,9,2.567,0.075
891.192,2,2.568,0.348
891.26,2,2.569,0.118
891.328,-2,2.57,0.072
891.397,-4,2.571,0.394
891.465,1,2.572,0.486
891.533,4,2.573,0.095
891.601,-12,2.574,0.174
891.669,-17,2.575,0.004
891.737,-6,2.576,0.224
891.805,-12,2.577,0.479
891.873,-13,2.578,0.346
891.941,8,2.579,0.014
892.009,-2,2.581,0.162
892.077,13,2.582,0.376
892.145,5,2.583,0.079
892.213,15,2.584,0.128
892.28,-1,2.585,0.151
892.348,-7,2.586,0.305
892.416,9,2.587,0.016
892.484,-9,2.588,0.074
892.552,14,2.589,0.005
892.619,0,2.59,0.098
892.687,0,2.591,0.173
892.755,5,2.592,0.073
892.822,-4,2.593,0.009
892.89,5,2.594,0.181
892.958,-13,2.596,0.061
893.025,-17,2.597,0.095
893.093,-11,2.598,0.212
893.16,-9,2.599,0.113
893.228,-14,2.6,0.131
893.295,1,2.601,0.338
893.363,-20,2.602,0.013
893.43,3,2.603,0.008
893.498,-9,2.604,0.014
893.565,-7,2.605,0.615
893.633,-15,2.606,0.226
893.7,-5,2.607,0.448
893.767,3,2.608,0.124
893.835,4,2.609,0.058
893.902,-18,2.611,0.305
893.969,12,2.612,0.019
894.037,8,2.613,0.484
894.104,-22,2.614,0.355
894.171,7,2.615,0.583
894.238,-21,2.616,0.072
894.305,1,2.617,0.388
894.373,3,2.618,0.219
894.44,5,2.619,0.121
894.507,3,2.62,0.069
894.574,-14,2.621,0.088
894.641,5,2.622,0.092
894.708,-9,2.623,0.116
894.775,1,2.624,0.229
894.842,3,2.626,0.237
894.909,-25,2.627,0.113
894.976,-26,2.628,0.008
895.043,-15,2.629,0.174
895.11,-6,2.63,0.164
895.177,7,2.631,0.181
895.243,-6,2.632,0.062
895.31,0,2.633,0.071
895.377,-3,2.634,0.392
895.444,6,2.635,0.391
895.511,-8,2.636,0.204
895.577,-24,2.637,0.058
895.644,-1,2.638,0.061
895.711,-15,2.639,0.074
895.777,14,2.641,0.058
895.844,-2,2.642,0.152
895.911,-3,2.643,0.06
895.977,1,2.644,0.052
896.044,-2,2.645,0.221
896.11,-11,2.646,0.011
896.177,0,2.647,0.451
896.243,-3,2.648,0.006
896.31,-5,2.649,0.174
896.376,5,2.65,0.15
896.443,-13,2.651,0.129
896.509,6,2.652,0.187
896.576,-1,2.653,0.135
896.642,-4,2.654,0.432
896.708,12,2.656,0.238
896.775,7,2.657,0.23
896.841,-3,2.658,0.225
896.907,1,2.659,0.31
896.974,-1,2.66,0.03
897.04,2,2.661,0.116
897.106,-17,2.662,0.111
897.172,-14,2.663,0.108
897.238,-12,2.664,0.171
897.304,-13,2.665,0.009
897.371,-1,2.666,0.305
897.437,3,2.667,0.043
897.503,-15,2.668,0.036
897.569,-6,2.669,0.019
897.635,0,2.671,0.268
897.701,-1,2.672,0.316
897.767,22,2.673,0.242
897.833,3,2.674,0.021
897.899,-4,2.675,0.155
897.965,-3,2.676,0.143
898.031,-10,2.677,0.308
898.096,9,2.678,0.311
898.162,2,2.679,0.114
898.228,14,2.68,0.141
898.294,-3,2.681,0.277
898.36,-2,2.682,0.14
898.426,3,2.683,0.169
898.491,7,2.684,0.233
898.557,2,2.686,0.141
898.623,-20,2.687,0.239
898.688,-7,2.688,0.29
898.754,-9,2.689,0.101
898.82,-12,2.69,0.315
898.885,-15,2.691,0.254
898.951,6,2.692,0.12
899.016,4,2.693,0.436
899.082,-1,2.694,0.011
899.147,-6,2.695,0.034
899.213,5,2.696,0.308
899.278,12,2.697,0.138
899.344,3,2.698,0.448
899.409,-4,2.699,0.476
899.475,-12,2.701,0.099
899.54,-4,2.702,0.172
899.605,-4,2.703,0.083
899.671,-12,2.704,0.192
899.736,7,2.705,0.294
899.801,12,2.706,0.118
899.866,-2,2.707,0.138
899.932,-12,2.708,0.014
899.997,4,2.709,0.03
900.062,-22,2.71,0.035
900.127,1,2.711,0.453
900.192,-7,2.712,0.197
900.258,22,2.713,0.276
900.323,-10,2.714,0.163
900.388,4,2.716,0.185
900.453,2,2.717,0.376
900.518,6,2.718,0.027
900.583,-4,2.719,0.066
900.648,6,2.72,0.228
900.713,-3,2.721,0.293
900.778,-20,2.722,0.169
900.843,0,2.723,0.419
900.908,-18,2.724,0.454
900.972,-11,2.725,0.703
901.037,-13,2.726,0.587
901.102,13,2.727,0.127
901.167,8,2.728,0.318
901.232,-5,2.729,0.184
901.296,2,2.731,0.046
901.361,-11,2.732,0.334
901.426,6,2.733,0.553
901.491,-11,2.734,0.031
901.555,-27,2.735,0.323
901.62,4,2.736,0.199
901.685,-5,2.737,0.102
901.749,12,2.738,0.048
901.814,-8,2.739,0.06
901.878,-2,2.74,0.077
901.943,4,2.741,0.344
902.007,10,2.742,0.09
902.072,6,2.743,0.073
902.136,3,2.744,0.048
902.201,-6,2.746,0.049
902.265,10,2.747,0.03
902.329,4,2.748,0.063
902.394,-15,2.749,0.064
902.458,-9,2.75,0.353
902.523,-6,2.751,0.161
902.587,-11,2.752,0.064
902.651,-1,2.753,0.024
902.715,0,2.754,0.322
902.78,-10,2.755,0.25
902.844,-7,2.756,0.338
902.908,9,2.757,0.186
902.972,0,2.758,0.148
903.036,-13,2.76,0.121
903.1,-29,2.761,0.062
903.165,-24,2.762,0.027
903.229,-12,2.763,0.111
903.293,-31,2.764,0.252
903.357,-24,2.765,0.178
903.421,3,2.766,0.141
903.485,-1,2.767,0.076
903.549,-8,2.768,0.422
903.613,-1,2.769,0.534
903.677,-9,2.77,0.26
903.74,-31,2.771,0.196
903.804,-4,2.772,0.244
903.868,2,2.773,0.08
903.932,24,2.775,0.214
903.996,3,2.776,0.259
904.06,-8,2.777,0.462
904.123,3,2.778,0.027
904.187,-5,2.779,0.07
904.251,-10,2.78,0.198
904.314,-5,2.781,0.342
904.378,-29,2.782,0.034
904.442,-11,2.783,0.34
904.505,-11,2.784,0.046
904.569,-17,2.785,0.1
904.633,-13,2.786,0.126
904.696,4,2.787,0.044
904.76,-16,2.788,0.143
904.823,-29,2.79,0.151
904.887,-1,2.791,0.24
904.95,2,2.792,0.022
905.014,-3,2.793,0.093
905.077,-4,2.794,0.028
905.14,-32,2.795,0.238
905.204,3,2.796,0.403
905.267,-22,2.797,0.427
905.33,-10,2.798,0.217
905.394,-28,2.799,0.411
905.457,-18,2.8,0.21
905.52,-10,2.801,0.309
905.584,3,2.802,0.356
905.647,-18,2.803,0.283
905.71,0,2.805,0.435
905.773,-21,2.806,0.392
905.836,-23,2.807,0.438
905.899,-2,2.808,0.438
905.962,5,2.809,0.383
906.026,4,2.81,0.268
906.089,-4,2.811,0.057
906.152,-13,2.812,0.059
906.215,-18,2.813,0.08
906.278,-2,2.814,0.138
906.341,2,2.815,0.251
906.404,16,2.816,0.045
906.466,-19,2.817,0.022
906.529,-4,2.818,0.099
906.592,-21,2.82,0.321
906.655,3,2.821,0.345
906.718,-20,2.822,0.212
906.781,-18,2.823,0.188
906.843,-3,2.824,0.714
906.906,-1,2.825,0.264
906.969,-6,2.826,0.232
907.032,-14,2.827,0.297
907.094,-12,2.828,0.077
907.157,-10,2.829,0.276
907.22,9,2.83,0.558
907.282,-2,2.831,0.218
907.345,-6,2.832,0.125
907.407,14,2.833,0.03
907.47,-9,2.835,0.129
907.533,-12,2.836,0.378
907.595,-9,2.837,0.003
907.658,-6,2.838,0.009
907.72,-2,2.839,0.15
907.782,-12,2.84,0.285
907.845,-18,2.841,0.227
907.907,-11,2.842,0.266
907.97,-4,2.843,0.167
908.032,-5,2.844,0.23
908.094,-16,2.845,0.103
908.157,-1,2.846,0.374
908.219,-19,2.847,0.128
908.281,-19,2.848,0.018
908.343,-10,2.85,0.156
908.406,-29,2.851,0.219
908.468,-4,2.852,0.155
908.53,13,2.853,0.356
908.592,7,2.854,0.472
908.654,2,2.855,0.181
908.716,4,2.856,0.431
908.778,-3,2.857,0.211
908.84,4,2.858,0.097
908.902,1,2.859,0.394
908.964,-22,2.86,0.218
909.026,-24,2.861,0.631
909.088,17,2.862,0.373
909.15,-5,2.863,0.154
909.212,-12,2.865,0.175
909.274,0,2.866,0.291
909.336,14,2.867,0.176
909.398,-6,2.868,0.087
909.46,12,2.869,0.158
909.522,-8,2.87,0.111
909.583,-6,2.871,0.141
909.645,12,2.872,0.038
909.707,-10,2.873,0.224
909.768,-34,2.874,0.197
909.83,19,2.875,0.016
909.892,-5,2.876,0.013
909.953,-26,2.877,0.257
910.015,-13,2.878,0.036
910.077,4,2.88,0.252
910.138,4,2.881,0.091
910.2,0,2.882,0.259
910.261,1,2.883,0.194
910.323,-18,2.884,0.308
910.384,-6,2.885,0.008
910.446,6,2.886,0.09
910.507,13,2.887,0.047
910.569,-4,2.888,0.179
910.63,7,2.889,0.177
910.691,-12,2.89,0.296
910.753,-11,2.891,0.064
910.814,-24,2.892,0.195
910.875,-1,2.893,0.241
910.937,16,2.895,0.019
910.998,-34,2.896,0.035
911.059,5,2.897,0.007
911.12,-29,2.898,0.473
911.182,0,2.899,0.084
911.243,-21,2.9,0.39
911.304,-3,2.901,0.106
911.365,4,2.902,0.304
911.426,-23,2.903,0.136
911.487,-13,2.904,0.21
911.548,-3,2.905,0.486
911.609,-11,2.906,0.225
911.67,-1,2.907,0.008
911.731,4,2.908,0.026
911.792,8,2.91,0.229
911.853,-21,2.911,0.35
911.914,-6,2.912,0.226
911.975,12,2.913,0.037
912.036,7,2.914,0.077
912.097,13,2.915,0.472
912.158,-5,2.916,0.245
912.218,8,2.917,0.11
912.279,4,2.918,0.199
912.34,-14,2.919,0.246
912.401,4,2.92,0.282
912.461,-21,2.921,0.078
912.522,-27,2.922,0.13
912.583,12,2.923,0.265
912.643,10,2.925,0.131
912.704,-31,2.926,0.081
912.765,-28,2.927,0.257
912.825,18,2.928,0.049
912.886,-18,2.929,0.566
912.946,-5,2.93,0.448
913.007,-3,2.931,0.329
913.067,2,2.932,0.373
913.128,3,2.933,0.138
913.188,-8,2.934,0.464
913.248,-4,2.935,0.053
913.309,-12,2.936,0.27
913.369,-3,2.937,0.23
913.43,-5,2.938,0.022
913.49,-3,2.94,0.057
913.55,3,2.941,0.473
913.61,21,2.942,0.184
913.671,4,2.943,0.008
913.731,-11,2.944,0.356
913.791,-19,2.945,0.42
913.851,9,2.946,0.48
913.912,-28,2.947,0.634
913.972,1,2.948,0.079
914.032,3,2.949,0.005
914.092,-2,2.95,0.41
914.152,-12,2.951,0.308
914.212,-10,2.952,0.008
914.272,-2,2.953,0.052
914.332,-14,2.955,0.318
914.392,-12,2.956,0.101
914.452,4,2.957,0.279
914.512,-3,2.958,0.241
914.572,12,2.959,0.033
914.632,-15,2.96,0.051
914.692,5,2.961,0.337
914.751,-24,2.962,0.455
914.811,7,2.963,0.322
914.871,26,2.964,0.141
914.931,4,2.965,0.144
914.991,-20,2.966,0.152
915.05,-37,2.967,0.183
915.11,-32,2.968,0.06
915.17,-25,2.97,0.209
915.229,-13,2.971,0.078
915.289,-22,2.972,0.263
915.349,21,2.973,0.067
915.408,2,2.974,0.203
915.468,3,2.975,0.181
915.527,-20,2.976,0.147
915.587,-4,2.977,0.189
915.646,-13,2.978,0.158
915.706,-11,2.979,0.185
915.765,-18,2.98,0.339
915.825,-9,2.981,0.077
915.884,-2,2.982,0.139
915.944,-5,2.983,0.267
916.003,-4,2.985,0.04
916.062,3,2.986,0.271
916.122,3,2.987,0.139
916.181,-11,2.988,0.263
916.24,-12,2.989,0.105
916.3,-17,2.99,0.02
916.359,-17,2.991,0.135
916.418,9,2.992,0.066
916.477,3,2.993,0.251
916.536,-14,2.994,0.05
916.595,-23,2.995,0.025
916.655,-13,2.996,0.034
916.714,12,2.997,0.158
916.773,-4,2.998,0.542
916.832,-2,3,0.112
916.891,0,3.001,0.021
916.95,-2,3.002,0.276
917.009,22,3.003,0.361
917.068,-12,3.004,0.118
917.127,6,3.005,0.104
917.186,-18,3.006,0.2
917.245,-1,3.007,0.113
917.303,-17,3.008,0.149
917.362,-13,3.009,0.039
917.421,-12,3.01,0.196
917.48,0,3.011,0.129
917.539,-8,3.012,0.099
917.597,-1,3.013,0.422
917.656,6,3.015,0.349
917.715,-5,3.016,0.033
917.774,9,3.017,0.311
917.832,14,3.018,0.252
917.891,-9,3.019,0.455
917.949,-3,3.02,0.086
918.008,-9,3.021,0.211
918.067,5,3.022,0.237
918.125,16,3.023,0.22
918.184,0,3.024,0.304
918.242,-8,3.025,0.123
918.301,8,3.026,0.198
918.359,-13,3.027,0.147
918.418,-29,3.028,0.128
918.476,-10,3.03,0.283
918.534,3,3.031,0.189
918.593,-10,3.032,0.044
918.651,-11,3.033,0.09
918.709,4,3.034,0.036
918.768,-6,3.035,0.137
918.826,4,3.036,0.413
918.884,18,3.037,0.005
918.942,12,3.038,0.194
919.001,15,3.039,0.148
919.059,2,3.04,0.084
919.117,-11,3.041,0.097
919.175,20,3.042,0.059
919.233,13,3.043,0.432
919.291,-7,3.045,0.635
919.349,4,3.046,0.145
919.408,0,3.047,0.296
919.466,8,3.048,0.283
919.524,6,3.049,0.04
919.582,13,3.05,0.295
919.639,7,3.051,0.023
919.697,2,3.052,0.249
919.755,-1,3.053,0.124
919.813,-17,3.054,0.046
919.871,-4,3.055,0.4
919.929,6,3.056,0.232
919.987,-10,3.057,0.145
920.045,-12,3.058,0.137
920.102,11,3.06,0.072
920.16,-3,3.061,0.223
920.218,-14,3.062,0.474
920.276,5,3.063,0.245
920.333,7,3.064,0.343
920.391,-13,3.065,0.172
920.449,5,3.066,0.208
920.506,-17,3.067,0.087
920.564,-7,3.068,0.054
920.621,-12,3.069,0.318
920.679,-6,3.07,0.233
920.736,-23,3.071,0.24
920.794,-14,3.072,0.16
920.851,-7,3.073,0.152
920.909,7,3.075,0.029
920.966,11,3.076,0.003
921.024,-15,3.077,0.275
921.081,7,3.078,0.025
921.138,9,3.079,0.14
921.196,-19,3.08,0.081
921.253,-7,3.081,0.039
921.31,8,3.082,0.171
921.368,-3,3.083,0.294
921.425,-13,3.084,0.26
921.482,-25,3.085,0.377
921.539,7,3.086,0.21
921.597,-10,3.087,0.19
921.654,7,3.088,0.101
921.711,-8,3.09,0.094
921.768,-22,3.091,0.014
921.825,-5,3.092,0.038
921.882,-15,3.093,0.501
921.939,-10,3.094,0.014
921.996,-2,3.095,0.138
922.053,-4,3.096,0.244
922.11,3,3.097,0.017
922.167,-11,3.098,0.063
922.224,-10,3.099,0.3
922.281,-4,3.1,0.101
922.338,-21,3.101,0.137
922.395,7,3.102,0.485
922.452,-7,3.103,0.188
922.508,-16,3.105,0.113
922.565,4,3.106,0.121
922.622,13,3.107,0.072
922.679,23,3.108,0.232
922.736,-18,3.109,0.242
922.792,9,3.11,0.207
922.849,19,3.111,0.112
922.906,-1,3.112,0.57
922.962,-21,3.113,0.037
923.019,0,3.114,0.255
923.075,12,3.115,0.04
923.132,17,3.116,0.17
923.189,12,3.117,0.179
923.245,12,3.119,0.168
923.302,-5,3.12,0.014
923.358,3,3.121,0.004
923.415,-4,3.122,0.268
923.471,-20,3.123,0.404
923.527,-31,3.124,0.108
923.584,-24,3.125,0.007
923.64,-12,3.126,0.126
923.696,-11,3.127,0.07
923.753,11,3.128,0.315
923.809,-24,3.129,0.059
923.865,-4,3.13,0.008
923.922,1,3.131,0.105
923.978,-5,3.132,0.08
924.034,3,3.134,0.164
924.09,1,3.135,0.037
924.146,-3,3.136,0.154
924.203,-6,3.137,0.035
924.259,-2,3.138,0.078
924.315,-11,3.139,0.246
924.371,-15,3.14,0.007
924.427,10,3.141,0.139
924.483,-15,3.142,0.092
924.539,-25,3.143,0.189
924.595,-15,3.144,0.068
924.651,-17,3.145,0.541
924.707,-7,3.146,0.07
924.763,-6,3.147,0.288
924.819,-28,3.149,0.448
924.874,-3,3.15,0.239
924.93,-28,3.151,0.178
924.986,-6,3.152,0.276
925.042,-12,3.153,0.346
925.098,-11,3.154,0.159
925.153,-12,3.155,0.636
925.209,9,3.156,0.017
925.265,-6,3.157,0.106
925.321,-2,3.158,0.077
925.376,-19,3.159,0.251
925.432,-19,3.16,0.299
925.487,-3,3.161,0.035
925.543,6,3.162,0.025
925.599,-6,3.164,0.323
925.654,-2,3.165,0.081
925.71,-20,3.166,0.429
925.765,-4,3.167,0.277
925.821,-16,3.168,0.258
925.876,-8,3.169,0.065
925.932,1,3.17,0.232
925.987,0,3.171,0.35
926.042,-19,3.172,0.284
926.098,-4,3.173,0.185
926.153,-11,3.174,0.017
926.208,4,3.175,0.315
926.264,16,3.176,0.047
926.319,24,3.177,0.036
926.374,6,3.179,0.122
926.429,-4,3.18,0.082
926.485,6,3.181,0.131
926.54,-12,3.182,0.18
926.595,-8,3.183,0.411
926.65,0,3.184,0.409
926.705,-26,3.185,0.345
926.76,-17,3.186,0.187
926.815,-4,3.187,0.286
926.871,-14,3.188,0.113
926.926,-2,3.189,0.352
926.981,-12,3.19,0.244
927.036,-19,3.191,0.159
927.09,13,3.192,0.332
927.145,-2,3.194,0.033
927.2,4,3.195,0.128
927.255,-13,3.196,0.193
927.31,-7,3.197,0.101
927.365,-11,3.198,0.312
927.42,-21,3.199,0.39
927.475,-8,3.2,0.266
927.529,5,3.201,0.005
927.584,-1,3.202,0.047
927.639,5,3.203,0.131
927.694,-11,3.204,0.237
927.748,-12,3.205,0.116
927.803,-10,3.206,0.184
927.857,7,3.207,0.145
927.912,-8,3.209,0.253
927.967,-15,3.21,0.156
928.021,-10,3.211,0.03
928.076,-1,3.212,0.158
928.13,-2,3.213,0.197
928.185,-7,3.214,0.082
928.239,10,3.215,0.015
928.294,5,3.216,0.118
928.348,3,3.217,0.356
928.403,-1,3.218,0.159
928.457,12,3.219,0.018
928.511,-17,3.22,0.205
928.566,7,3.221,0.231
928.62,-16,3.222,0.306
928.674,9,3.224,0.215
928.729,6,3.225,0.387
928.783,-25,3.226,0.096
928.837,-19,3.227,0.119
928.891,6,3.228,0.304
928.946,30,3.229,0.341
929,-17,3.23,0.51
929.054,-8,3.231,0.364
929.108,-11,3.232,0.464
929.162,-2,3.233,0.118
929.216,-23,3.234,0.226
929.27,-4,3.235,0.006
929.324,-9,3.236,0.26
929.378,1,3.237,0.406
929.432,-15,3.239,0.042
929.486,4,3.24,0.23
929.54,-1,3.241,0.568
929.594,-6,3.242,0.077
929.648,2,3.243,0.275
929.702,-1,3.244,0.124
929.756,5,3.245,0.187
929.809,1,3.246,0.641
929.863,5,3.247,0.014
929.917,-14,3.248,0.215
929.971,-1,3.249,0.286
930.024,-1,3.25,0.121
930.078,-16,3.251,0.092
930.132,-8,3.252,0.124
930.185,24,3.254,0.315
930.239,6,3.255,0.067
930.293,6,3.256,0.074
930.346,-29,3.257,0.592
930.4,-29,3.258,0.439
930.453,15,3.259,0.028
930.507,-10,3.26,0.393
930.56,-3,3.261,0.031
930.614,6,3.262,0.136
930.667,6,3.263,0.119
930.721,5,3.264,0.149
930.774,11,3.265,0.1
930.828,-15,3.266,0.027
930.881,-22,3.267,0.006
930.934,-4,3.269,0.352
930.988,-19,3.27,0.095
931.041,-7,3.271,0.023
931.094,-14,3.272,0.178
931.147,-16,3.273,0.349
931.201,-11,3.274,0.065
931.254,-3,3.275,0.553
931.307,5,3.276,0.385
931.36,-11,3.277,0.05
931.413,-7,3.278,0.203
931.466,21,3.279,0.102
931.52,-18,3.28,0.188
931.573,-3,3.281,0.03
931.626,-16,3.282,0.165
931.679,21,3.284,0.257
931.732,-16,3.285,0.096
931.785,8,3.286,0.068
931.838,-1,3.287,0.007
931.891,-12,3.288,0.188
931.943,-19,3.289,0.286
931.996,5,3.29,0.038
932.049,-2,3.291,0.022
932.102,-3,3.292,0.354
932.155,-3,3.293,0.427
932.208,1,3.294,0.21
932.26,-12,3.295,0.226
932.313,-3,3.296,0.241
932.366,-4,3.297,0.52
932.419,19,3.299,0.458
932.471,-13,3.3,0.12
932.524,-22,3.301,0.33
932.577,-3,3.302,0.249
932.629,-22,3.303,0.503
932.682,-10,3.304,0.195
932.734,-9,3.305,0.344
932.787,-7,3.306,0.303
932.84,5,3.307,0.183
932.892,-8,3.308,0.744
932.944,-1,3.309,0.19
932.997,17,3.31,0.119
933.049,3,3.311,0.561
933.102,-10,3.312,0.355
933.154,-7,3.314,0.371
933.207,-23,3.315,0.546
933.259,-3,3.316,0.212
933.311,-12,3.317,0.023
933.363,-6,3.318,0.269
933.416,-8,3.319,0.189
933.468,5,3.32,0.647
933.52,1,3.321,0.764
933.572,4,3.322,0.128
933.625,-10,3.323,0.442
933.677,-2,3.324,0.162
933.729,-10,3.325,0.009
933.781,-21,3.326,0.414
933.833,-17,3.327,0.364
933.885,-1,3.329,0.293
933.937,1,3.33,0.315
933.989,10,3.331,0.131
934.041,-2,3.332,0.241
934.093,-3,3.333,0.192
934.145,3,3.334,0.135
934.197,-1,3.335,0.01
934.249,5,3.336,0.047
934.301,-1,3.337,0.01
934.353,-23,3.338,0.019
934.405,-6,3.339,0.288
934.456,-2,3.34,0.161
934.508,-22,3.341,0.118
934.56,-7,3.342,0.08
934.612,-17,3.344,0.393
934.664,-16,3.345,0.044
934.715,-24,3.346,0.107
934.767,-5,3.347,0.115
934.819,-6,3.348,0.091
934.87,-14,3.349,0.042
934.922,-17,3.35,0.062
934.973,-31,3.351,0.122
935.025,-20,3.352,0.116
935.077,-9,3.353,0.068
935.128,-8,3.354,0.321
935.18,-8,3.355,0.055
935.231,-21,3.356,0.263
935.282,19,3.357,0.13
935.334,3,3.359,0.036
935.385,-2,3.36,0.14
935.437,25,3.361,0.192
935.488,26,3.362,0.269
935.539,6,3.363,0.082
935.591,-1,3.364,0.01
935.642,15,3.365,0.433
935.693,12,3.366,0.017
935.745,12,3.367,0.055
935.796,-9,3.368,0.223
935.847,-19,3.369,0.135
935.898,-5,3.37,0.073
935.949,3,3.371,0.154
936,-16,3.372,0.045
936.052,10,3.374,0.152
936.103,-8,3.375,0.174
936.154,-19,3.376,0.465
936.205,-27,3.377,0.183
936.256,-8,3.378,0.065
936.307,0,3.379,0.122
936.358,9,3.38,0.027
936.409,5,3.381,0.024
936.46,29,3.382,0.05
936.511,-11,3.383,0.231
936.561,4,3.384,0.362
936.612,1,3.385,0.087
936.663,-22,3.386,0.496
936.714,-16,3.387,0.065
936.765,-3,3.389,0.058
936.816,1,3.39,0.122
936.866,-2,3.391,0.005
936.917,-15,3.392,0.387
936.968,5,3.393,0.009
937.018,-27,3.394,0.028
937.069,-13,3.395,0.048
937.12,5,3.396,0.195
937.17,-1,3.397,0.034
937.221,-1,3.398,0.038
937.271,-1,3.399,0.25
937.322,10,3.4,0.313
937.373,7,3.401,0.097
937.423,9,3.402,0.065
937.473,-22,3.404,0.152
937.524,4,3.405,0.095
937.574,3,3.406,0.137
937.625,3,3.407,0.185
937.675,-7,3.408,0.294
937.726,3,3.409,0.142
937.776,-24,3.41,0.006
937.826,-1,3.411,0.088
937.876,-7,3.412,0.167
937.927,7,3.413,0.033
937.977,-11,3.414,0.086
938.027,20,3.415,0.135
938.077,-17,3.416,0.195
938.128,-22,3.417,0.359
938.178,-22,3.419,0.204
938.228,8,3.42,0.032
938.278,1,3.421,0.126
938.328,-1,3.422,0.103
938.378,1,3.423,0.177
938.428,-5,3.424,0.181
938.478,-29,3.425,0.059
938.528,-6,3.426,0.327
938.578,1,3.427,0.009
938.628,0,3.428,0.09
938.678,7,3.429,0.13
938.728,-5,3.43,0.495
938.778,-16,3.431,0.411
938.828,5,3.432,0.097
938.878,1,3.434,0.315
938.927,-6,3.435,0.317
938.977,-12,3.436,0.029
939.027,6,3.437,0.072
939.077,-18,3.438,0.497
939.126,-1,3.439,0.387
939.176,-16,3.44,0.347
939.226,-7,3.441,0
939.276,-10,3.442,0.146
939.325,-17,3.443,0.161
939.375,-3,3.444,0.08
939.424,7,3.445,0.188
939.474,-2,3.446,0.007
939.523,-8,3.447,0.075
939.573,-13,3.449,0.118
939.622,-10,3.45,0.02
939.672,-13,3.451,0.019
939.721,-3,3.452,0.508
939.771,1,3.453,0.277
939.82,9,3.454,0.4
939.87,-4,3.455,0.429
939.919,3,3.456,0.32
939.968,6,3.457,0.19
940.018,-2,3.458,0.205
940.067,-2,3.459,0.206
940.116,-11,3.46,0.153
940.165,-10,3.461,0.334
940.215,-4,3.463,0.221
940.264,6,3.464,0.407
940.313,-14,3.465,0.044
940.362,14,3.466,0.097
940.411,18,3.467,0.041
940.46,7,3.468,0.082
940.51,0,3.469,0.041
940.559,-11,3.47,0.014
940.608,-6,3.471,0.008
940.657,3,3.472,0.107
940.706,6,3.473,0.044
940.755,-3,3.474,0.152
940.804,3,3.475,0.322
940.853,10,3.476,0.013
940.901,-13,3.478,0.22
940.95,-7,3.479,0.084
940.999,6,3.48,0.171
941.048,6,3.481,0.259
941.097,-6,3.482,0.336
941.146,7,3.483,0.166
941.194,-17,3.484,0.126
941.243,-14,3.485,0.489
941.292,11,3.486,0.415
941.341,-17,3.487,0.567
941.389,-5,3.488,0.413
941.438,-12,3.489,0.163
941.487,-1,3.49,0.09
941.535,-16,3.491,0.149
941.584,-23,3.493,0.368
941.632,5,3.494,0.409
941.681,-9,3.495,0.565
941.729,28,3.496,0.238
941.778,-5,3.497,0.041
941.826,-2,3.498,0.112
941.875,-26,3.499,0.146
941.923,-18,3.5,0.292
941.972,4,3.501,0.198
942.02,-18,3.502,0.023
942.068,9,3.503,0.027
942.117,-4,3.504,0.405
942.165,-6,3.505,0.154
942.213,-15,3.506,0.079
942.262,-16,3.508,0.103
942.31,-6,3.509,0.042
942.358,0,3.51,0.482
942.406,-7,3.511,0.316
942.455,-6,3.512,0.168
942.503,1,3.513,1.329
942.551,-14,3.514,0.732
942.599,-14,3.515,1.285
942.647,10,3.516,0.097
942.695,-17,3.517,0.364
942.743,-24,3.518,0.034
942.791,-1,3.519,0.276
942.839,-5,3.52,0.42
942.887,17,3.521,0.409
942.935,9,3.523,0.381
942.983,-8,3.524,0.166
943.031,-18,3.525,0.466
943.079,5,3.526,0.182
943.127,5,3.527,0.072
943.174,-18,3.528,0.166
943.222,-19,3.529,0.111
943.27,-15,3.53,0.035
943.318,13,3.531,0.274
943.366,-9,3.532,0.199
943.413,-13,3.533,0.064
943.461,3,3.534,0.02
943.509,5,3.535,0.289
943.556,-15,3.536,0.123
943.604,30,3.538,0.16
943.652,0,3.539,0.333
943.699,-11,3.54,0.232
943.747,-4,3.541,0.185
943.794,1,3.542,0.05
943.842,-14,3.543,0.135
943.889,-3,3.544,0.148
943.937,7,3.545,0.007
943.984,6,3.546,0.007
944.032,4,3.547,0.236
944.079,-1,3.548,0.099
944.126,-10,3.549,0.263
944.174,-6,3.55,0.125
944.221,-13,3.551,0.128
944.268,-23,3.553,0.11
944.316,-2,3.554,0.168
944.363,-5,3.555,0.003
944.41,5,3.556,0.062
944.458,-11,3.557,0.069
944.505,13,3.558,0.139
944.552,-25,3.559,0.185
944.599,-20,3.56,0.38
944.646,-21,3.561,0.018
944.693,-1,3.562,0.092
944.74,-4,3.563,0.132
944.787,19,3.564,0.078
944.835,2,3.565,0.18
944.882,6,3.566,0.649
944.929,-7,3.568,0.502
944.976,-16,3.569,0.857
945.022,3,3.57,0.039
945.069,-5,3.571,0.006
945.116,16,3.572,0.283
945.163,-2,3.573,0.135
945.21,-19,3.574,0.429
945.257,-14,3.575,0.289
945.304,-3,3.576,0.229
945.35,-8,3.577,0.125
945.397,-3,3.578,0.14
945.444,-2,3.579,0.222
945.491,-16,3.58,0.341
945.537,-10,3.581,0.333
945.584,-19,3.583,0.066
945.631,-1,3.584,0.044
945.677,-9,3.585,0.086
945.724,-13,3.586,0.41
945.771,-6,3.587,0.099
945.817,2,3.588,0.012
945.864,-18,3.589,0.238
945.91,-32,3.59,0.399
945.957,-13,3.591,0.323
946.003,9,3.592,0.012
946.05,-5,3.593,0.291
946.096,-11,3.594,0.314
946.142,-8,3.595,0.219
946.189,-9,3.596,0.022
946.235,10,3.598,0.12
946.282,5,3.599,0.052
946.328,3,3.6,0.052
946.374,-1,3.601,0.388
946.42,-7,3.602,0.19
946.467,8,3.603,0.152
946.513,7,3.604,0.377
946.559,-23,3.605,0.28
946.605,-3,3.606,0.362
946.651,-15,3.607,0.117
946.698,-12,3.608,0.134
946.744,-15,3.609,0.067
946.79,-11,3.61,0.138
946.836,-20,3.611,0.452
946.882,-22,3.613,0.046
946.928,-16,3.614,0.24
946.974,2,3.615,0.061
947.02,-3,3.616,0.013
947.066,-4,3.617,0.103
947.112,-2,3.618,0.132
947.158,20,3.619,0.066
947.204,5,3.62,0.328
947.249,8,3.621,0.318
947.295,-7,3.622,0.076
947.341,-26,3.623,0.436
947.387,-5,3.624,0.005
947.433,-10,3.625,0.1
947.478,-5,3.626,0.299
947.524,-17,3.628,0.369
947.57,-17,3.629,0.268
947.615,20,3.63,0.38
947.661,-10,3.631,0.002
947.707,-2,3.632,0.096
947.752,11,3.633,0.005
947.798,-9,3.634,0.373
947.843,2,3.635,0.015
947.889,14,3.636,0.044
947.935,-7,3.637,0.368
947.98,-11,3.638,0.015
948.026,-8,3.639,0.085
948.071,2,3.64,0.149
948.116,-23,3.641,0.375
948.162,9,3.643,0.265
948.207,-11,3.644,0.378
948.253,8,3.645,0.083
948.298,-30,3.646,0.021
948.343,-16,3.647,0.001
948.388,-10,3.648,0.162
948.434,1,3.649,0.037
948.479,-23,3.65,0.046
948.524,-7,3.651,0.439
948.569,-3,3.652,0.267
948.615,-8,3.653,0.091
948.66,3,3.654,0.218
948.705,8,3.655,0.474
948.75,-4,3.656,0.458
948.795,-8,3.658,0.1
948.84,-17,3.659,0.021
948.885,1,3.66,0.208
948.93,-22,3.661,0.126
948.975,-3,3.662,0.21
949.02,22,3.663,0.279
949.065,13,3.664,0.396
949.11,-15,3.665,0.352
949.155,-21,3.666,0.047
949.2,-16,3.667,0.129
949.245,-10,3.668,0.108
949.29,-14,3.669,0.044
949.334,-22,3.67,0.08
949.379,12,3.671,0.122
949.424,1,3.673,0.336
949.469,11,3.674,0.148
949.513,9,3.675,0.069
949.558,6,3.676,0.003
949.603,7,3.677,0.127
949.647,-7,3.678,0.195
949.692,6,3.679,0.149
949.737,-9,3.68,0.117
949.781,-15,3.681,0.18
949.826,-14,3.682,0.212
949.87,-21,3.683,0.138
949.915,-2,3.684,0.067
949.959,14,3.685,0.393
950.004,1,3.686,0.041
950.048,13,3.688,0.263
950.093,-8,3.689,0.353
950.137,-7,3.69,0.115
950.182,-17,3.691,0.032
950.226,-4,3.692,0.261
950.27,-18,3.693,0.054
950.315,0,3.694,0.482
950.359,-2,3.695,0.403
950.403,4,3.696,0.162
950.447,-7,3.697,0.269
950.492,-5,3.698,0.372
950.536,-9,3.699,0.114
950.58,5,3.7,0.061
950.624,-5,3.701,0.062
950.668,-13,3.703,0.342
950.712,-1,3.704,0.252
950.756,7,3.705,0.232
950.8,23,3.706,0.047
950.845,-10,3.707,0.067
950.889,-9,3.708,0.1
950.933,-18,3.709,0.135
950.976,-17,3.71,0.252
951.02,-28,3.711,0.109
951.064,-11,3.712,0.53
951.108,-17,3.713,0.188
951.152,3,3.714,0.174
951.196,-2,3.715,0.328
951.24,-1,3.716,0.037
951.284,6,3.718,0.37
951.327,-19,3.719,0.567
951.371,-17,3.72,1.319
951.415,-7,3.721,0.594
951.459,-16,3.722,0.776
951.502,-7,3.723,0.364
951.546,0,3.724,0.448
951.59,-16,3.725,1.114
951.633,-6,3.726,2.079
951.677,7,3.727,1.726
951.721,-35,3.728,0.943
951.764,-12,3.729,0.02
951.808,-7,3.73,2.283
951.851,-7,3.731,4.141
951.895,-2,3.733,5.205
951.938,-5,3.734,5.315
951.982,-7,3.735,3.628
952.025,-2,3.736,0.952
952.068,0,3.737,2.588
952.112,0,3.738,6.372
952.155,1,3.739,8.595
952.198,-5,3.74,9.531
952.242,1,3.741,8.213
952.285,-20,3.742,5.142
952.328,8,3.743,0.162
952.372,-3,3.744,5.599
952.415,-5,3.745,10.919
952.458,-9,3.746,14.458
952.501,-9,3.748,16.31
952.544,3,3.749,15.72
952.587,19,3.75,12.978
952.631,-7,3.751,9.81
952.674,-15,3.752,4.412
952.717,-16,3.753,0.379
952.76,7,3.754,4.605
952.803,0,3.755,7.712
952.846,-6,3.756,9.531
952.889,1,3.757,10.859
952.932,-1,3.758,10.271
952.975,7,3.759,9.278
953.018,-1,3.76,8.506
953.06,11,3.761,7.77
953.103,-10,3.763,6.138
953.146,-11,3.764,5.531
953.189,-11,3.765,4.726
953.232,2,3.766,4.298
953.274,-8,3.767,3.722
953.317,-7,3.768,2.846
953.36,11,3.769,2.517
953.403,0,3.77,2.261
953.445,-21,3.771,1.395
953.488,-4,3.772,1.527
953.531,-7,3.773,0.966
953.573,1,3.774,1.218
953.616,12,3.775,1.64
953.658,3,3.776,1.592
953.701,-18,3.778,1.565
953.743,-15,3.779,1.667
953.786,-10,3.78,1.955
953.828,-2,3.781,1.397
953.871,-7,3.782,0.592
953.913,3,3.783,0.337
953.956,4,3.784,0.007
953.998,-18,3.785,0.396
954.04,21,3.786,0.533
954.083,-1,3.787,0.621
954.125,19,3.788,1.135
954.167,19,3.789,2.49
954.21,-1,3.79,3.197
954.252,13,3.791,2.652
954.294,-2,3.793,1.982
954.336,10,3.794,0.077
954.378,-41,3.795,2.182
954.421,9,3.796,4.738
954.463,-13,3.797,4.6
954.505,-11,3.798,1.882
954.547,7,3.799,2.278
954.589,-7,3.8,8.252
954.631,-26,3.801,13.666
954.673,-17,3.802,16.717
954.715,-25,3.803,15.5
954.757,-17,3.804,9.836
954.799,11,3.805,0.659
954.841,-12,3.807,12.747
954.883,-8,3.808,24.408
954.925,14,3.809,33.13
954.967,-14,3.81,34.43
955.008,7,3.811,28.48
955.05,-2,3.812,15.208
955.092,8,3.813,3.039
955.134,6,3.814,23.145
955.175,-19,3.815,41.331
955.217,0,3.816,53.327
955.259,-4,3.817,58.496
955.301,-31,3.818,55.911
955.342,-13,3.819,46.926
955.384,7,3.82,33.406
955.425,-13,3.822,18.214
955.467,1,3.823,4.33
955.509,-2,3.824,6.72
955.55,-8,3.825,13.491
955.592,-16,3.826,16.65
955.633,-22,3.827,16.98
955.675,-12,3.828,15.018
955.716,14,3.829,12.7
955.757,-2,3.83,9.725
955.799,-5,3.831,7.029
955.84,-8,3.832,5.547
955.882,-16,3.833,4.204
955.923,-2,3.834,3.026
955.964,10,3.835,2.323
956.006,0,3.837,2.045
956.047,-23,3.838,2.486
956.088,8,3.839,3.028
956.129,2,3.84,3.867
956.17,-8,3.841,5.467
956.212,-11,3.842,6.571
956.253,12,3.843,7.648
956.294,-18,3.844,7.507
956.335,-16,3.845,7.889
956.376,14,3.846,7.277
956.417,6,3.847,5.629
956.458,9,3.848,3.568
956.499,-24,3.849,1.66
956.54,-14,3.85,0.18
956.581,-11,3.852,1.443
956.622,-17,3.853,1.815
956.663,33,3.854,1.989
956.704,-17,3.855,1.34
956.745,-14,3.856,0.347
956.786,-3,3.857,0.267
956.827,6,3.858,0.871
956.867,-14,3.859,1.461
956.908,0,3.86,1.194
956.949,19,3.861,1.304
956.99,-16,3.862,0.743
957.03,-13,3.863,1.117
957.071,-6,3.864,0.553
957.112,-23,3.865,0.871
957.152,-23,3.867,1.214
957.193,-9,3.868,1.629
957.234,15,3.869,2.085
957.274,-12,3.87,2.028
957.315,-8,3.871,1.833
957.355,4,3.872,1.879
957.396,-17,3.873,1.627
957.436,6,3.874,0.97
957.477,-10,3.875,1.223
957.517,-3,3.876,0.65
957.558,2,3.877,0.77
957.598,14,3.878,1.556
957.638,0,3.879,2.79
957.679,0,3.88,3.657
957.719,9,3.882,3.807
957.759,0,3.883,4.645
957.8,-12,3.884,3.995
957.84,8,3.885,3.279
957.88,-33,3.886,1.801
957.92,-12,3.887,1.089
957.961,0,3.888,1.016
958.001,-5,3.889,2.059
958.041,-9,3.89,4.503
958.081,1,3.891,6.939
958.121,-9,3.892,8.565
958.161,-2,3.893,7.254
958.201,9,3.894,2.699
958.241,10,3.895,5.737
958.281,-3,3.897,15.898
958.321,-19,3.898,25.381
958.361,-1,3.899,29.156
958.401,4,3.9,21.508
958.441,-14,3.901,0.513
958.481,-10,3.902,33.108
958.521,-5,3.903,74.732
958.561,0,3.904,114.41
958.601,-31,3.905,139.958
958.641,23,3.906,138.656
958.68,18,3.907,104.147
958.72,-16,3.908,34.736
958.76,-5,3.909,61.187
958.8,-5,3.91,168.538
958.839,5,3.912,266.207
958.879,-12,3.913,335.57
